mid,cpu,ram,source
0,4,6,host_capacity
1,2,4,host_capacity
2,2,4,host_capacity
0,4,6,host_capacity
1,2,4,host_capacity
2,2,4,host_capacity
0,4,6,host_capacity
1,2,4,host_capacity
2,2,4,host_capacity
0,4,6,host_capacity
1,2,4,host_capacity
2,2,4,host_capacity
0,4,6,host_capacity
1,2,4,host_capacity
2,2,4,host_capacity
0,4,6,host_capacity
1,2,4,host_capacity
2,2,4,host_capacity
0,4,6,host_capacity
1,2,4,host_capacity
2,2,4,host_capacity
0,4,6,host_capacity
1,2,4,host_capacity
2,2,4,host_capacity
0,4,6,host_capacity
1,2,4,host_capacity
2,2,4,host_capacity
0,4,6,host_capacity
1,2,4,host_capacity
2,2,4,host_capacity
0,4,6,host_capacity
1,2,4,host_capacity
2,2,4,host_capacity
0,4,6,host_capacity
1,2,4,host_capacity
2,2,4,host_capacity
0,4,6,host_capacity
1,2,4,host_capacity
2,2,4,host_capacity
0,4,6,host_capacity
1,2,4,host_capacity
2,2,4,host_capacity
0,4,6,host_capacity
1,2,4,host_capacity
2,2,4,host_capacity
0,4,6,host_capacity
1,2,4,host_capacity
2,2,4,host_capacity
0,4,6,host_capacity
1,2,4,host_capacity
2,2,4,host_capacity
0,4,6,host_capacity
1,2,4,host_capacity
2,2,4,host_capacity
0,4,6,host_capacity
1,2,4,host_capacity
2,2,4,host_capacity
0,4,6,host_capacity
1,2,4,host_capacity
2,2,4,host_capacity
0,4,6,host_capacity
1,2,4,host_capacity
2,2,4,host_capacity
0,4,6,host_capacity
1,2,4,host_capacity
2,2,4,host_capacity
0,4,6,host_capacity
1,2,4,host_capacity
2,2,4,host_capacity
0,4,6,host_capacity
1,2,4,host_capacity
2,2,4,host_capacity
0,4,6,host_capacity
1,2,4,host_capacity
2,2,4,host_capacity
0,4,6,host_capacity
1,2,4,host_capacity
2,2,4,host_capacity
0,4,6,host_capacity
1,2,4,host_capacity
2,2,4,host_capacity
0,4,6,host_capacity
1,2,4,host_capacity
2,2,4,host_capacity
0,4,6,host_capacity
1,2,4,host_capacity
2,2,4,host_capacity
0,4,6,host_capacity
1,2,4,host_capacity
2,2,4,host_capacity
0,4,6,host_capacity
1,2,4,host_capacity
2,2,4,host_capacity
0,4,6,host_capacity
1,2,4,host_capacity
2,2,4,host_capacity
0,4,6,host_capacity
1,2,4,host_capacity
2,2,4,host_capacity
0,4,6,host_capacity
1,2,4,host_capacity
2,2,4,host_capacity
0,4,6,host_capacity
1,2,4,host_capacity
2,2,4,host_capacity
0,4,6,host_capacity
1,2,4,host_capacity
2,2,4,host_capacity
0,4,6,host_capacity
1,2,4,host_capacity
2,2,4,host_capacity
0,4,6,host_capacity
1,2,4,host_capacity
2,2,4,host_capacity
0,4,6,host_capacity
1,2,4,host_capacity
2,2,4,host_capacity
0,4,6,host_capacity
1,2,4,host_capacity
2,2,4,host_capacity
0,4,6,host_capacity
1,2,4,host_capacity
2,2,4,host_capacity
0,4,6,host_capacity
1,2,4,host_capacity
2,2,4,host_capacity
0,4,6,host_capacity
1,2,4,host_capacity
2,2,4,host_capacity
0,4,6,host_capacity
1,2,4,host_capacity
2,2,4,host_capacity
0,4,6,host_capacity
1,2,4,host_capacity
2,2,4,host_capacity
0,4,6,host_capacity
1,2,4,host_capacity
2,2,4,host_capacity
0,4,6,host_capacity
1,2,4,host_capacity
2,2,4,host_capacity
0,4,6,host_capacity
1,2,4,host_capacity
2,2,4,host_capacity
0,4,6,host_capacity
1,2,4,host_capacity
2,2,4,host_capacity
0,4,6,host_capacity
1,2,4,host_capacity
2,2,4,host_capacity
0,4,6,host_capacity
1,2,4,host_capacity
2,2,4,host_capacity
0,4,6,host_capacity
1,2,4,host_capacity
2,2,4,host_capacity
0,4,6,host_capacity
1,2,4,host_capacity
2,2,4,host_capacity
0,4,6,host_capacity
1,2,4,host_capacity
2,2,4,host_capacity
0,4,6,host_capacity
1,2,4,host_capacity
2,2,4,host_capacity
0,4,6,host_capacity
1,2,4,host_capacity
2,2,4,host_capacity
0,4,6,host_capacity
1,2,4,host_capacity
2,2,4,host_capacity
0,4,6,host_capacity
1,2,4,host_capacity
2,2,4,host_capacity
0,4,6,host_capacity
1,2,4,host_capacity
2,2,4,host_capacity
0,4,6,host_capacity
1,2,4,host_capacity
2,2,4,host_capacity
0,4,6,host_capacity
1,2,4,host_capacity
2,2,4,host_capacity
0,4,6,host_capacity
1,2,4,host_capacity
2,2,4,host_capacity
0,4,6,host_capacity
1,2,4,host_capacity
2,2,4,host_capacity
0,4,6,host_capacity
1,2,4,host_capacity
2,2,4,host_capacity
0,4,6,host_capacity
1,2,4,host_capacity
2,2,4,host_capacity
0,4,6,host_capacity
1,2,4,host_capacity
2,2,4,host_capacity
0,4,6,host_capacity
1,2,4,host_capacity
2,2,4,host_capacity
0,4,6,host_capacity
1,2,4,host_capacity
2,2,4,host_capacity
0,4,6,host_capacity
1,2,4,host_capacity
2,2,4,host_capacity
0,4,6,host_capacity
1,2,4,host_capacity
2,2,4,host_capacity
0,4,6,host_capacity
1,2,4,host_capacity
2,2,4,host_capacity
0,4,6,host_capacity
1,2,4,host_capacity
2,2,4,host_capacity
0,4,6,host_capacity
1,2,4,host_capacity
2,2,4,host_capacity
0,4,6,host_capacity
1,2,4,host_capacity
2,2,4,host_capacity
0,4,6,host_capacity
1,2,4,host_capacity
2,2,4,host_capacity
0,4,6,host_capacity
1,2,4,host_capacity
2,2,4,host_capacity
0,4,6,host_capacity
1,2,4,host_capacity
2,2,4,host_capacity
0,4,6,host_capacity
1,2,4,host_capacity
2,2,4,host_capacity
0,4,6,host_capacity
1,2,4,host_capacity
2,2,4,host_capacity
0,4,6,host_capacity
1,2,4,host_capacity
2,2,4,host_capacity
0,4,6,host_capacity
1,2,4,host_capacity
2,2,4,host_capacity
0,4,6,host_capacity
1,2,4,host_capacity
2,2,4,host_capacity
0,4,6,host_capacity
1,2,4,host_capacity
2,2,4,host_capacity
0,4,6,host_capacity
1,2,4,host_capacity
2,2,4,host_capacity
0,4,6,host_capacity
1,2,4,host_capacity
2,2,4,host_capacity
0,4,6,host_capacity
1,2,4,host_capacity
2,2,4,host_capacity
0,4,6,host_capacity
1,2,4,host_capacity
2,2,4,host_capacity
0,4,6,host_capacity
1,2,4,host_capacity
2,2,4,host_capacity
0,4,6,host_capacity
1,2,4,host_capacity
2,2,4,host_capacity
0,4,6,host_capacity
1,2,4,host_capacity
2,2,4,host_capacity
0,4,6,host_capacity
1,2,4,host_capacity
2,2,4,host_capacity
0,4,6,host_capacity
1,2,4,host_capacity
2,2,4,host_capacity
0,4,6,host_capacity
1,2,4,host_capacity
2,2,4,host_capacity
0,4,6,host_capacity
1,2,4,host_capacity
2,2,4,host_capacity
0,4,6,host_capacity
1,2,4,host_capacity
2,2,4,host_capacity
0,4,6,host_capacity
1,2,4,host_capacity
2,2,4,host_capacity
0,4,6,host_capacity
1,2,4,host_capacity
2,2,4,host_capacity
0,4,6,host_capacity
1,2,4,host_capacity
2,2,4,host_capacity
0,4,6,host_capacity
1,2,4,host_capacity
2,2,4,host_capacity
0,4,6,host_capacity
1,2,4,host_capacity
2,2,4,host_capacity
0,4,6,host_capacity
1,2,4,host_capacity
2,2,4,host_capacity
0,4,6,host_capacity
1,2,4,host_capacity
2,2,4,host_capacity
0,4,6,host_capacity
1,2,4,host_capacity
2,2,4,host_capacity
0,4,6,host_capacity
1,2,4,host_capacity
2,2,4,host_capacity
0,4,6,host_capacity
1,2,4,host_capacity
2,2,4,host_capacity
0,4,6,host_capacity
1,2,4,host_capacity
2,2,4,host_capacity
0,4,6,host_capacity
1,2,4,host_capacity
2,2,4,host_capacity
0,4,6,host_capacity
1,2,4,host_capacity
2,2,4,host_capacity
0,4,6,host_capacity
1,2,4,host_capacity
2,2,4,host_capacity
0,4,6,host_capacity
1,2,4,host_capacity
2,2,4,host_capacity
0,4,6,host_capacity
1,2,4,host_capacity
2,2,4,host_capacity
0,4,6,host_capacity
1,2,4,host_capacity
2,2,4,host_capacity
0,4,6,host_capacity
1,2,4,host_capacity
2,2,4,host_capacity
0,4,6,host_capacity
1,2,4,host_capacity
2,2,4,host_capacity
0,4,6,host_capacity
1,2,4,host_capacity
2,2,4,host_capacity
0,4,6,host_capacity
1,2,4,host_capacity
2,2,4,host_capacity
0,4,6,host_capacity
1,2,4,host_capacity
2,2,4,host_capacity
0,4,6,host_capacity
1,2,4,host_capacity
2,2,4,host_capacity
0,4,6,host_capacity
1,2,4,host_capacity
2,2,4,host_capacity
0,4,6,host_capacity
1,2,4,host_capacity
2,2,4,host_capacity
0,4,6,host_capacity
1,2,4,host_capacity
2,2,4,host_capacity
0,4,6,host_capacity
1,2,4,host_capacity
2,2,4,host_capacity
0,4,6,host_capacity
1,2,4,host_capacity
2,2,4,host_capacity
0,4,6,host_capacity
1,2,4,host_capacity
2,2,4,host_capacity
0,4,6,host_capacity
1,2,4,host_capacity
2,2,4,host_capacity
0,4,6,host_capacity
1,2,4,host_capacity
2,2,4,host_capacity
0,4,6,host_capacity
1,2,4,host_capacity
2,2,4,host_capacity
0,4,6,host_capacity
1,2,4,host_capacity
2,2,4,host_capacity
0,4,6,host_capacity
1,2,4,host_capacity
2,2,4,host_capacity
0,4,6,host_capacity
1,2,4,host_capacity
2,2,4,host_capacity
0,4,6,host_capacity
1,2,4,host_capacity
2,2,4,host_capacity
0,4,6,host_capacity
1,2,4,host_capacity
2,2,4,host_capacity
0,4,6,host_capacity
1,2,4,host_capacity
2,2,4,host_capacity
0,4,6,host_capacity
1,2,4,host_capacity
2,2,4,host_capacity
0,4,6,host_capacity
1,2,4,host_capacity
2,2,4,host_capacity
0,4,6,host_capacity
1,2,4,host_capacity
2,2,4,host_capacity
0,4,6,host_capacity
1,2,4,host_capacity
2,2,4,host_capacity
0,4,6,host_capacity
1,2,4,host_capacity
2,2,4,host_capacity
0,4,6,host_capacity
1,2,4,host_capacity
2,2,4,host_capacity
0,4,6,host_capacity
1,2,4,host_capacity
2,2,4,host_capacity
0,4,6,host_capacity
1,2,4,host_capacity
2,2,4,host_capacity
0,4,6,host_capacity
1,2,4,host_capacity
2,2,4,host_capacity
0,4,6,host_capacity
1,2,4,host_capacity
2,2,4,host_capacity
0,4,6,host_capacity
1,2,4,host_capacity
2,2,4,host_capacity
0,4,6,host_capacity
1,2,4,host_capacity
2,2,4,host_capacity
0,4,6,host_capacity
1,2,4,host_capacity
2,2,4,host_capacity
0,4,6,host_capacity
1,2,4,host_capacity
2,2,4,host_capacity
0,4,6,host_capacity
1,2,4,host_capacity
2,2,4,host_capacity
0,4,6,host_capacity
1,2,4,host_capacity
2,2,4,host_capacity
0,4,6,host_capacity
1,2,4,host_capacity
2,2,4,host_capacity
0,4,6,host_capacity
1,2,4,host_capacity
2,2,4,host_capacity
0,4,6,host_capacity
1,2,4,host_capacity
2,2,4,host_capacity
0,4,6,host_capacity
1,2,4,host_capacity
2,2,4,host_capacity
0,4,6,host_capacity
1,2,4,host_capacity
2,2,4,host_capacity
0,4,6,host_capacity
1,2,4,host_capacity
2,2,4,host_capacity
0,4,6,host_capacity
1,2,4,host_capacity
2,2,4,host_capacity
0,4,6,host_capacity
1,2,4,host_capacity
2,2,4,host_capacity
0,4,6,host_capacity
1,2,4,host_capacity
2,2,4,host_capacity
0,4,6,host_capacity
1,2,4,host_capacity
2,2,4,host_capacity
0,4,6,host_capacity
1,2,4,host_capacity
2,2,4,host_capacity
0,4,6,host_capacity
1,2,4,host_capacity
2,2,4,host_capacity
0,4,6,host_capacity
1,2,4,host_capacity
2,2,4,host_capacity
0,4,6,host_capacity
1,2,4,host_capacity
2,2,4,host_capacity
0,4,6,host_capacity
1,2,4,host_capacity
2,2,4,host_capacity
0,4,6,host_capacity
1,2,4,host_capacity
2,2,4,host_capacity
0,4,6,host_capacity
1,2,4,host_capacity
2,2,4,host_capacity
0,4,6,host_capacity
1,2,4,host_capacity
2,2,4,host_capacity
0,4,6,host_capacity
1,2,4,host_capacity
2,2,4,host_capacity
0,4,6,host_capacity
1,2,4,host_capacity
2,2,4,host_capacity
0,4,6,host_capacity
1,2,4,host_capacity
2,2,4,host_capacity
0,4,6,host_capacity
1,2,4,host_capacity
2,2,4,host_capacity
0,4,6,host_capacity
1,2,4,host_capacity
2,2,4,host_capacity
0,4,6,host_capacity
1,2,4,host_capacity
2,2,4,host_capacity
0,4,6,host_capacity
1,2,4,host_capacity
2,2,4,host_capacity
0,4,6,host_capacity
1,2,4,host_capacity
2,2,4,host_capacity
0,4,6,host_capacity
1,2,4,host_capacity
2,2,4,host_capacity
0,4,6,host_capacity
1,2,4,host_capacity
2,2,4,host_capacity
0,4,6,host_capacity
1,2,4,host_capacity
2,2,4,host_capacity
0,4,6,host_capacity
1,2,4,host_capacity
2,2,4,host_capacity
0,4,6,host_capacity
1,2,4,host_capacity
2,2,4,host_capacity
0,4,6,host_capacity
1,2,4,host_capacity
2,2,4,host_capacity
0,4,6,host_capacity
1,2,4,host_capacity
2,2,4,host_capacity
0,4,6,host_capacity
1,2,4,host_capacity
2,2,4,host_capacity
0,4,6,host_capacity
1,2,4,host_capacity
2,2,4,host_capacity
0,4,6,host_capacity
1,2,4,host_capacity
2,2,4,host_capacity
0,4,6,host_capacity
1,2,4,host_capacity
2,2,4,host_capacity
0,4,6,host_capacity
1,2,4,host_capacity
2,2,4,host_capacity
0,4,6,host_capacity
1,2,4,host_capacity
2,2,4,host_capacity
0,4,6,host_capacity
1,2,4,host_capacity
2,2,4,host_capacity
0,4,6,host_capacity
1,2,4,host_capacity
2,2,4,host_capacity
0,4,6,host_capacity
1,2,4,host_capacity
2,2,4,host_capacity
0,4,6,host_capacity
1,2,4,host_capacity
2,2,4,host_capacity
0,4,6,host_capacity
1,2,4,host_capacity
2,2,4,host_capacity
0,4,6,host_capacity
1,2,4,host_capacity
2,2,4,host_capacity
0,4,6,host_capacity
1,2,4,host_capacity
2,2,4,host_capacity
0,4,6,host_capacity
1,2,4,host_capacity
2,2,4,host_capacity
0,4,6,host_capacity
1,2,4,host_capacity
2,2,4,host_capacity
0,4,6,host_capacity
1,2,4,host_capacity
2,2,4,host_capacity
0,4,6,host_capacity
1,2,4,host_capacity
2,2,4,host_capacity
0,4,6,host_capacity
1,2,4,host_capacity
2,2,4,host_capacity
0,4,6,host_capacity
1,2,4,host_capacity
2,2,4,host_capacity
0,4,6,host_capacity
1,2,4,host_capacity
2,2,4,host_capacity
0,4,6,host_capacity
1,2,4,host_capacity
2,2,4,host_capacity
0,4,6,host_capacity
1,2,4,host_capacity
2,2,4,host_capacity
0,4,6,host_capacity
1,2,4,host_capacity
2,2,4,host_capacity
0,4,6,host_capacity
1,2,4,host_capacity
2,2,4,host_capacity
0,4,6,host_capacity
1,2,4,host_capacity
2,2,4,host_capacity
0,4,6,host_capacity
1,2,4,host_capacity
2,2,4,host_capacity
0,4,6,host_capacity
1,2,4,host_capacity
2,2,4,host_capacity
0,4,6,host_capacity
1,2,4,host_capacity
2,2,4,host_capacity
0,4,6,host_capacity
1,2,4,host_capacity
2,2,4,host_capacity
0,4,6,host_capacity
1,2,4,host_capacity
2,2,4,host_capacity
0,4,6,host_capacity
1,2,4,host_capacity
2,2,4,host_capacity
0,4,6,host_capacity
1,2,4,host_capacity
2,2,4,host_capacity
0,4,6,host_capacity
1,2,4,host_capacity
2,2,4,host_capacity
0,4,6,host_capacity
1,2,4,host_capacity
2,2,4,host_capacity
0,4,6,host_capacity
1,2,4,host_capacity
2,2,4,host_capacity
0,4,6,host_capacity
1,2,4,host_capacity
2,2,4,host_capacity
0,4,6,host_capacity
1,2,4,host_capacity
2,2,4,host_capacity
0,4,6,host_capacity
1,2,4,host_capacity
2,2,4,host_capacity
0,4,6,host_capacity
1,2,4,host_capacity
2,2,4,host_capacity
0,4,6,host_capacity
1,2,4,host_capacity
2,2,4,host_capacity
0,4,6,host_capacity
1,2,4,host_capacity
2,2,4,host_capacity
0,4,6,host_capacity
1,2,4,host_capacity
2,2,4,host_capacity
0,4,6,host_capacity
1,2,4,host_capacity
2,2,4,host_capacity
0,4,6,host_capacity
1,2,4,host_capacity
2,2,4,host_capacity
0,4,6,host_capacity
1,2,4,host_capacity
2,2,4,host_capacity
0,4,6,host_capacity
1,2,4,host_capacity
2,2,4,host_capacity
0,4,6,host_capacity
1,2,4,host_capacity
2,2,4,host_capacity
0,4,6,host_capacity
1,2,4,host_capacity
2,2,4,host_capacity
0,4,6,host_capacity
1,2,4,host_capacity
2,2,4,host_capacity
0,4,6,host_capacity
1,2,4,host_capacity
2,2,4,host_capacity
0,4,6,host_capacity
1,2,4,host_capacity
2,2,4,host_capacity
0,4,6,host_capacity
1,2,4,host_capacity
2,2,4,host_capacity
0,4,6,host_capacity
1,2,4,host_capacity
2,2,4,host_capacity
0,4,6,host_capacity
1,2,4,host_capacity
2,2,4,host_capacity
0,4,6,host_capacity
1,2,4,host_capacity
2,2,4,host_capacity
0,4,6,host_capacity
1,2,4,host_capacity
2,2,4,host_capacity
0,4,6,host_capacity
1,2,4,host_capacity
2,2,4,host_capacity
0,4,6,host_capacity
1,2,4,host_capacity
2,2,4,host_capacity
0,4,6,host_capacity
1,2,4,host_capacity
2,2,4,host_capacity
0,4,6,host_capacity
1,2,4,host_capacity
2,2,4,host_capacity
0,4,6,host_capacity
1,2,4,host_capacity
2,2,4,host_capacity
0,4,6,host_capacity
1,2,4,host_capacity
2,2,4,host_capacity
0,4,6,host_capacity
1,2,4,host_capacity
2,2,4,host_capacity
0,4,6,host_capacity
1,2,4,host_capacity
2,2,4,host_capacity
0,4,6,host_capacity
1,2,4,host_capacity
2,2,4,host_capacity
0,4,6,host_capacity
1,2,4,host_capacity
2,2,4,host_capacity
0,4,6,host_capacity
1,2,4,host_capacity
2,2,4,host_capacity
0,4,6,host_capacity
1,2,4,host_capacity
2,2,4,host_capacity
0,4,6,host_capacity
1,2,4,host_capacity
2,2,4,host_capacity
0,4,6,host_capacity
1,2,4,host_capacity
2,2,4,host_capacity
0,4,6,host_capacity
1,2,4,host_capacity
2,2,4,host_capacity
0,4,6,host_capacity
1,2,4,host_capacity
2,2,4,host_capacity
0,4,6,host_capacity
1,2,4,host_capacity
2,2,4,host_capacity
0,4,6,host_capacity
1,2,4,host_capacity
2,2,4,host_capacity
0,4,6,host_capacity
1,2,4,host_capacity
2,2,4,host_capacity
0,4,6,host_capacity
1,2,4,host_capacity
2,2,4,host_capacity
0,4,6,host_capacity
1,2,4,host_capacity
2,2,4,host_capacity
0,4,6,host_capacity
1,2,4,host_capacity
2,2,4,host_capacity
0,4,6,host_capacity
1,2,4,host_capacity
2,2,4,host_capacity
0,4,6,host_capacity
1,2,4,host_capacity
2,2,4,host_capacity
0,4,6,host_capacity
1,2,4,host_capacity
2,2,4,host_capacity
0,4,6,host_capacity
1,2,4,host_capacity
2,2,4,host_capacity
0,4,6,host_capacity
1,2,4,host_capacity
2,2,4,host_capacity
0,4,6,host_capacity
1,2,4,host_capacity
2,2,4,host_capacity
0,4,6,host_capacity
1,2,4,host_capacity
2,2,4,host_capacity
0,4,6,host_capacity
1,2,4,host_capacity
2,2,4,host_capacity
0,4,6,host_capacity
1,2,4,host_capacity
2,2,4,host_capacity
0,4,6,host_capacity
1,2,4,host_capacity
2,2,4,host_capacity
0,4,6,host_capacity
1,2,4,host_capacity
2,2,4,host_capacity
0,4,6,host_capacity
1,2,4,host_capacity
2,2,4,host_capacity
0,4,6,host_capacity
1,2,4,host_capacity
2,2,4,host_capacity
0,4,6,host_capacity
1,2,4,host_capacity
2,2,4,host_capacity
0,4,6,host_capacity
1,2,4,host_capacity
2,2,4,host_capacity
0,4,6,host_capacity
1,2,4,host_capacity
2,2,4,host_capacity
0,4,6,host_capacity
1,2,4,host_capacity
2,2,4,host_capacity
0,4,6,host_capacity
1,2,4,host_capacity
2,2,4,host_capacity
0,4,6,host_capacity
1,2,4,host_capacity
2,2,4,host_capacity
0,4,6,host_capacity
1,2,4,host_capacity
2,2,4,host_capacity
0,4,6,host_capacity
1,2,4,host_capacity
2,2,4,host_capacity
0,4,6,host_capacity
1,2,4,host_capacity
2,2,4,host_capacity
0,4,6,host_capacity
1,2,4,host_capacity
2,2,4,host_capacity
0,4,6,host_capacity
1,2,4,host_capacity
2,2,4,host_capacity
0,4,6,host_capacity
1,2,4,host_capacity
2,2,4,host_capacity
0,4,6,host_capacity
1,2,4,host_capacity
2,2,4,host_capacity
0,4,6,host_capacity
1,2,4,host_capacity
2,2,4,host_capacity
0,4,6,host_capacity
1,2,4,host_capacity
2,2,4,host_capacity
0,4,6,host_capacity
1,2,4,host_capacity
2,2,4,host_capacity
0,4,6,host_capacity
1,2,4,host_capacity
2,2,4,host_capacity
0,4,6,host_capacity
1,2,4,host_capacity
2,2,4,host_capacity
0,4,6,host_capacity
1,2,4,host_capacity
2,2,4,host_capacity
0,4,6,host_capacity
1,2,4,host_capacity
2,2,4,host_capacity
0,4,6,host_capacity
1,2,4,host_capacity
2,2,4,host_capacity
0,4,6,host_capacity
1,2,4,host_capacity
2,2,4,host_capacity
0,4,6,host_capacity
1,2,4,host_capacity
2,2,4,host_capacity
0,4,6,host_capacity
1,2,4,host_capacity
2,2,4,host_capacity
0,4,6,host_capacity
1,2,4,host_capacity
2,2,4,host_capacity
0,4,6,host_capacity
1,2,4,host_capacity
2,2,4,host_capacity
0,4,6,host_capacity
1,2,4,host_capacity
2,2,4,host_capacity
0,4,6,host_capacity
1,2,4,host_capacity
2,2,4,host_capacity
0,4,6,host_capacity
1,2,4,host_capacity
2,2,4,host_capacity
0,4,6,host_capacity
1,2,4,host_capacity
2,2,4,host_capacity
0,4,6,host_capacity
1,2,4,host_capacity
2,2,4,host_capacity
0,4,6,host_capacity
1,2,4,host_capacity
2,2,4,host_capacity
0,4,6,host_capacity
1,2,4,host_capacity
2,2,4,host_capacity
0,4,6,host_capacity
1,2,4,host_capacity
2,2,4,host_capacity
0,4,6,host_capacity
1,2,4,host_capacity
2,2,4,host_capacity
0,4,6,host_capacity
1,2,4,host_capacity
2,2,4,host_capacity
0,4,6,host_capacity
1,2,4,host_capacity
2,2,4,host_capacity
0,4,6,host_capacity
1,2,4,host_capacity
2,2,4,host_capacity
0,4,6,host_capacity
1,2,4,host_capacity
2,2,4,host_capacity
0,4,6,host_capacity
1,2,4,host_capacity
2,2,4,host_capacity
0,4,6,host_capacity
1,2,4,host_capacity
2,2,4,host_capacity
0,4,6,host_capacity
1,2,4,host_capacity
2,2,4,host_capacity
0,4,6,host_capacity
1,2,4,host_capacity
2,2,4,host_capacity
0,4,6,host_capacity
1,2,4,host_capacity
2,2,4,host_capacity
0,4,6,host_capacity
1,2,4,host_capacity
2,2,4,host_capacity
0,4,6,host_capacity
1,2,4,host_capacity
2,2,4,host_capacity
0,4,6,host_capacity
1,2,4,host_capacity
2,2,4,host_capacity
0,4,6,host_capacity
1,2,4,host_capacity
2,2,4,host_capacity
0,4,6,host_capacity
1,2,4,host_capacity
2,2,4,host_capacity
0,4,6,host_capacity
1,2,4,host_capacity
2,2,4,host_capacity
0,4,6,host_capacity
1,2,4,host_capacity
2,2,4,host_capacity
0,4,6,host_capacity
1,2,4,host_capacity
2,2,4,host_capacity
0,4,6,host_capacity
1,2,4,host_capacity
2,2,4,host_capacity
0,4,6,host_capacity
1,2,4,host_capacity
2,2,4,host_capacity
0,4,6,host_capacity
1,2,4,host_capacity
2,2,4,host_capacity
0,4,6,host_capacity
1,2,4,host_capacity
2,2,4,host_capacity
0,4,6,host_capacity
1,2,4,host_capacity
2,2,4,host_capacity
0,4,6,host_capacity
1,2,4,host_capacity
2,2,4,host_capacity
0,4,6,host_capacity
1,2,4,host_capacity
2,2,4,host_capacity
0,4,6,host_capacity
1,2,4,host_capacity
2,2,4,host_capacity
0,1310,2586,hosts_remaining
1,1176,1332,hosts_remaining
2,410,1176,hosts_remaining
0,1310,2586,hosts_remaining
1,1176,1332,hosts_remaining
2,410,1176,hosts_remaining
0,1310,2586,hosts_remaining
1,1176,1332,hosts_remaining
2,410,1176,hosts_remaining
0,1310,2586,hosts_remaining
1,1176,1332,hosts_remaining
2,410,1176,hosts_remaining
0,1310,2586,hosts_remaining
1,1176,1332,hosts_remaining
2,410,1176,hosts_remaining
0,1310,2586,hosts_remaining
1,1176,1332,hosts_remaining
2,410,1176,hosts_remaining
0,1310,2586,hosts_remaining
1,1176,1332,hosts_remaining
2,410,1176,hosts_remaining
0,1310,2586,hosts_remaining
1,1176,1332,hosts_remaining
2,410,1176,hosts_remaining
0,1310,2586,hosts_remaining
1,1176,1332,hosts_remaining
2,410,1176,hosts_remaining
0,1310,2586,hosts_remaining
1,1176,1332,hosts_remaining
2,410,1176,hosts_remaining
0,1310,2586,hosts_remaining
1,1176,1332,hosts_remaining
2,410,1176,hosts_remaining
0,1310,2586,hosts_remaining
1,1176,1332,hosts_remaining
2,410,1176,hosts_remaining
0,1310,2586,hosts_remaining
1,1176,1332,hosts_remaining
2,410,1176,hosts_remaining
0,1310,2586,hosts_remaining
1,1176,1332,hosts_remaining
2,410,1176,hosts_remaining
0,1310,2586,hosts_remaining
1,1176,1332,hosts_remaining
2,410,1176,hosts_remaining
0,1310,2586,hosts_remaining
1,1176,1332,hosts_remaining
2,410,1176,hosts_remaining
0,1310,2586,hosts_remaining
1,1176,1332,hosts_remaining
2,410,1176,hosts_remaining
0,1310,2586,hosts_remaining
1,1176,1332,hosts_remaining
2,410,1176,hosts_remaining
0,1310,2586,hosts_remaining
1,1176,1332,hosts_remaining
2,410,1176,hosts_remaining
0,1310,2586,hosts_remaining
1,1176,1332,hosts_remaining
2,410,1176,hosts_remaining
0,1310,2586,hosts_remaining
1,1176,1332,hosts_remaining
2,410,1176,hosts_remaining
0,1310,2586,hosts_remaining
1,1176,1332,hosts_remaining
2,410,1176,hosts_remaining
0,1310,2586,hosts_remaining
1,1176,1332,hosts_remaining
2,410,1176,hosts_remaining
0,1310,2586,hosts_remaining
1,1176,1332,hosts_remaining
2,410,1176,hosts_remaining
0,1310,2586,hosts_remaining
1,1176,1332,hosts_remaining
2,410,1176,hosts_remaining
0,1310,2586,hosts_remaining
1,1176,1332,hosts_remaining
2,410,1176,hosts_remaining
0,1310,2586,hosts_remaining
1,1176,1332,hosts_remaining
2,410,1176,hosts_remaining
0,1310,2586,hosts_remaining
1,1176,1332,hosts_remaining
2,410,1176,hosts_remaining
0,1310,2586,hosts_remaining
1,1176,1332,hosts_remaining
2,410,1176,hosts_remaining
0,1310,2586,hosts_remaining
1,1176,1332,hosts_remaining
2,410,1176,hosts_remaining
0,1310,2586,hosts_remaining
1,1176,1332,hosts_remaining
2,410,1176,hosts_remaining
0,1310,2586,hosts_remaining
1,1176,1332,hosts_remaining
2,410,1176,hosts_remaining
0,1310,2586,hosts_remaining
1,1176,1332,hosts_remaining
2,410,1176,hosts_remaining
0,1310,2586,hosts_remaining
1,1176,1332,hosts_remaining
2,410,1176,hosts_remaining
0,1310,2586,hosts_remaining
1,1176,1332,hosts_remaining
2,410,1176,hosts_remaining
0,1310,2586,hosts_remaining
1,1176,1332,hosts_remaining
2,410,1176,hosts_remaining
0,1310,2586,hosts_remaining
1,1176,1332,hosts_remaining
2,410,1176,hosts_remaining
0,1310,2586,hosts_remaining
1,1176,1332,hosts_remaining
2,410,1176,hosts_remaining
0,1310,2586,hosts_remaining
1,1176,1332,hosts_remaining
2,410,1176,hosts_remaining
0,1310,2586,hosts_remaining
1,1176,1332,hosts_remaining
2,410,1176,hosts_remaining
0,1310,2586,hosts_remaining
1,1176,1332,hosts_remaining
2,410,1176,hosts_remaining
0,1310,2586,hosts_remaining
1,1176,1332,hosts_remaining
2,410,1176,hosts_remaining
0,1310,2586,hosts_remaining
1,1176,1332,hosts_remaining
2,410,1176,hosts_remaining
0,1310,2586,hosts_remaining
1,1176,1332,hosts_remaining
2,410,1176,hosts_remaining
0,1310,2586,hosts_remaining
1,1176,1332,hosts_remaining
2,410,1176,hosts_remaining
0,1310,2586,hosts_remaining
1,1176,1332,hosts_remaining
2,410,1176,hosts_remaining
0,1310,2586,hosts_remaining
1,1176,1332,hosts_remaining
2,410,1176,hosts_remaining
0,1310,2586,hosts_remaining
1,1176,1332,hosts_remaining
2,410,1176,hosts_remaining
0,1310,2586,hosts_remaining
1,1176,1332,hosts_remaining
2,410,1176,hosts_remaining
0,1310,2586,hosts_remaining
1,1176,1332,hosts_remaining
2,410,1176,hosts_remaining
0,1310,2586,hosts_remaining
1,1176,1332,hosts_remaining
2,410,1176,hosts_remaining
0,1310,2586,hosts_remaining
1,1176,1332,hosts_remaining
2,410,1176,hosts_remaining
0,1310,2586,hosts_remaining
1,1176,1332,hosts_remaining
2,410,1176,hosts_remaining
0,1310,2586,hosts_remaining
1,1176,1332,hosts_remaining
2,410,1176,hosts_remaining
0,1310,2586,hosts_remaining
1,1176,1332,hosts_remaining
2,410,1176,hosts_remaining
0,1310,2586,hosts_remaining
1,1176,1332,hosts_remaining
2,410,1176,hosts_remaining
0,1310,2586,hosts_remaining
1,1176,1332,hosts_remaining
2,410,1176,hosts_remaining
0,1310,2586,hosts_remaining
1,1176,1332,hosts_remaining
2,410,1176,hosts_remaining
0,1310,2586,hosts_remaining
1,1176,1332,hosts_remaining
2,410,1176,hosts_remaining
0,1310,2586,hosts_remaining
1,1176,1332,hosts_remaining
2,410,1176,hosts_remaining
0,1310,2586,hosts_remaining
1,1176,1332,hosts_remaining
2,410,1176,hosts_remaining
0,1310,2586,hosts_remaining
1,1176,1332,hosts_remaining
2,410,1176,hosts_remaining
0,1310,2586,hosts_remaining
1,1176,1332,hosts_remaining
2,410,1176,hosts_remaining
0,1310,2586,hosts_remaining
1,1176,1332,hosts_remaining
2,410,1176,hosts_remaining
0,1310,2586,hosts_remaining
1,1176,1332,hosts_remaining
2,410,1176,hosts_remaining
0,1310,2586,hosts_remaining
1,1176,1332,hosts_remaining
2,410,1176,hosts_remaining
0,1310,2586,hosts_remaining
1,1176,1332,hosts_remaining
2,410,1176,hosts_remaining
0,1310,2586,hosts_remaining
1,1176,1332,hosts_remaining
2,410,1176,hosts_remaining
0,1310,2586,hosts_remaining
1,1176,1332,hosts_remaining
2,410,1176,hosts_remaining
0,1310,2586,hosts_remaining
1,1176,1332,hosts_remaining
2,410,1176,hosts_remaining
0,1310,2586,hosts_remaining
1,1176,1332,hosts_remaining
2,410,1176,hosts_remaining
0,1310,2586,hosts_remaining
1,1176,1332,hosts_remaining
2,410,1176,hosts_remaining
0,1310,2586,hosts_remaining
1,1176,1332,hosts_remaining
2,410,1176,hosts_remaining
0,1310,2586,hosts_remaining
1,1176,1332,hosts_remaining
2,410,1176,hosts_remaining
0,1310,2586,hosts_remaining
1,1176,1332,hosts_remaining
2,410,1176,hosts_remaining
0,1310,2586,hosts_remaining
1,1176,1332,hosts_remaining
2,410,1176,hosts_remaining
0,1310,2586,hosts_remaining
1,1176,1332,hosts_remaining
2,410,1176,hosts_remaining
0,1310,2586,hosts_remaining
1,1176,1332,hosts_remaining
2,410,1176,hosts_remaining
0,1310,2586,hosts_remaining
1,1176,1332,hosts_remaining
2,410,1176,hosts_remaining
0,1310,2586,hosts_remaining
1,1176,1332,hosts_remaining
2,410,1176,hosts_remaining
0,1310,2586,hosts_remaining
1,1176,1332,hosts_remaining
2,410,1176,hosts_remaining
0,1310,2586,hosts_remaining
1,1176,1332,hosts_remaining
2,410,1176,hosts_remaining
0,1310,2586,hosts_remaining
1,1176,1332,hosts_remaining
2,410,1176,hosts_remaining
0,1310,2586,hosts_remaining
1,1176,1332,hosts_remaining
2,410,1176,hosts_remaining
0,1310,2586,hosts_remaining
1,1176,1332,hosts_remaining
2,410,1176,hosts_remaining
0,1310,2586,hosts_remaining
1,1176,1332,hosts_remaining
2,410,1176,hosts_remaining
0,1310,2586,hosts_remaining
1,1176,1332,hosts_remaining
2,410,1176,hosts_remaining
0,1310,2586,hosts_remaining
1,1176,1332,hosts_remaining
2,410,1176,hosts_remaining
0,1310,2586,hosts_remaining
1,1176,1332,hosts_remaining
2,410,1176,hosts_remaining
0,1310,2586,hosts_remaining
1,1176,1332,hosts_remaining
2,410,1176,hosts_remaining
0,1310,2586,hosts_remaining
1,1176,1332,hosts_remaining
2,410,1176,hosts_remaining
0,1310,2586,hosts_remaining
1,1176,1332,hosts_remaining
2,410,1176,hosts_remaining
0,1310,2586,hosts_remaining
1,1176,1332,hosts_remaining
2,410,1176,hosts_remaining
0,1310,2586,hosts_remaining
1,1176,1332,hosts_remaining
2,410,1176,hosts_remaining
0,1310,2586,hosts_remaining
1,1176,1332,hosts_remaining
2,410,1176,hosts_remaining
0,1310,2586,hosts_remaining
1,1176,1332,hosts_remaining
2,410,1176,hosts_remaining
0,1310,2586,hosts_remaining
1,1176,1332,hosts_remaining
2,410,1176,hosts_remaining
0,1310,2586,hosts_remaining
1,1176,1332,hosts_remaining
2,410,1176,hosts_remaining
0,1310,2586,hosts_remaining
1,1176,1332,hosts_remaining
2,410,1176,hosts_remaining
0,1310,2586,hosts_remaining
1,1176,1332,hosts_remaining
2,410,1176,hosts_remaining
0,1310,2586,hosts_remaining
1,1176,1332,hosts_remaining
2,410,1176,hosts_remaining
0,1310,2586,hosts_remaining
1,1176,1332,hosts_remaining
2,410,1176,hosts_remaining
0,1310,2586,hosts_remaining
1,1176,1332,hosts_remaining
2,410,1176,hosts_remaining
0,1310,2586,hosts_remaining
1,1176,1332,hosts_remaining
2,410,1176,hosts_remaining
0,1310,2586,hosts_remaining
1,1176,1332,hosts_remaining
2,410,1176,hosts_remaining
0,1310,2586,hosts_remaining
1,1176,1332,hosts_remaining
2,410,1176,hosts_remaining
0,1310,2586,hosts_remaining
1,1176,1332,hosts_remaining
2,410,1176,hosts_remaining
0,1310,2586,hosts_remaining
1,1176,1332,hosts_remaining
2,410,1176,hosts_remaining
0,1310,2586,hosts_remaining
1,1176,1332,hosts_remaining
2,410,1176,hosts_remaining
0,1310,2586,hosts_remaining
1,1176,1332,hosts_remaining
2,410,1176,hosts_remaining
0,1310,2586,hosts_remaining
1,1176,1332,hosts_remaining
2,410,1176,hosts_remaining
0,1310,2586,hosts_remaining
1,1176,1332,hosts_remaining
2,410,1176,hosts_remaining
0,1310,2586,hosts_remaining
1,1176,1332,hosts_remaining
2,410,1176,hosts_remaining
0,1310,2586,hosts_remaining
1,1176,1332,hosts_remaining
2,410,1176,hosts_remaining
0,1310,2586,hosts_remaining
1,1176,1332,hosts_remaining
2,410,1176,hosts_remaining
0,1310,2586,hosts_remaining
1,1176,1332,hosts_remaining
2,410,1176,hosts_remaining
0,1310,2586,hosts_remaining
1,1176,1332,hosts_remaining
2,410,1176,hosts_remaining
0,1310,2586,hosts_remaining
1,1176,1332,hosts_remaining
2,410,1176,hosts_remaining
0,1310,2586,hosts_remaining
1,1176,1332,hosts_remaining
2,410,1176,hosts_remaining
0,1310,2586,hosts_remaining
1,1176,1332,hosts_remaining
2,410,1176,hosts_remaining
0,1310,2586,hosts_remaining
1,1176,1332,hosts_remaining
2,410,1176,hosts_remaining
0,1310,2586,hosts_remaining
1,1176,1332,hosts_remaining
2,410,1176,hosts_remaining
0,1310,2586,hosts_remaining
1,1176,1332,hosts_remaining
2,410,1176,hosts_remaining
0,1310,2586,hosts_remaining
1,1176,1332,hosts_remaining
2,410,1176,hosts_remaining
0,1310,2586,hosts_remaining
1,1176,1332,hosts_remaining
2,410,1176,hosts_remaining
0,1310,2586,hosts_remaining
1,1176,1332,hosts_remaining
2,410,1176,hosts_remaining
0,1310,2586,hosts_remaining
1,1176,1332,hosts_remaining
2,410,1176,hosts_remaining
0,1310,2586,hosts_remaining
1,1176,1332,hosts_remaining
2,410,1176,hosts_remaining
0,1310,2586,hosts_remaining
1,1176,1332,hosts_remaining
2,410,1176,hosts_remaining
0,1310,2586,hosts_remaining
1,1176,1332,hosts_remaining
2,410,1176,hosts_remaining
0,1310,2586,hosts_remaining
1,1176,1332,hosts_remaining
2,410,1176,hosts_remaining
0,1310,2586,hosts_remaining
1,1176,1332,hosts_remaining
2,410,1176,hosts_remaining
0,1310,2586,hosts_remaining
1,1176,1332,hosts_remaining
2,410,1176,hosts_remaining
0,1310,2586,hosts_remaining
1,1176,1332,hosts_remaining
2,410,1176,hosts_remaining
0,1310,2586,hosts_remaining
1,1176,1332,hosts_remaining
2,410,1176,hosts_remaining
0,1310,2586,hosts_remaining
1,1176,1332,hosts_remaining
2,410,1176,hosts_remaining
0,1310,2586,hosts_remaining
1,1176,1332,hosts_remaining
2,410,1176,hosts_remaining
0,1310,2586,hosts_remaining
1,1176,1332,hosts_remaining
2,410,1176,hosts_remaining
0,1310,2586,hosts_remaining
1,1176,1332,hosts_remaining
2,410,1176,hosts_remaining
0,1310,2586,hosts_remaining
1,1176,1332,hosts_remaining
2,410,1176,hosts_remaining
0,1310,2586,hosts_remaining
1,1176,1332,hosts_remaining
2,410,1176,hosts_remaining
0,1310,2586,hosts_remaining
1,1176,1332,hosts_remaining
2,410,1176,hosts_remaining
0,1310,2586,hosts_remaining
1,1176,1332,hosts_remaining
2,410,1176,hosts_remaining
0,1310,2586,hosts_remaining
1,1176,1332,hosts_remaining
2,410,1176,hosts_remaining
0,1310,2586,hosts_remaining
1,1176,1332,hosts_remaining
2,410,1176,hosts_remaining
0,1310,2586,hosts_remaining
1,1176,1332,hosts_remaining
2,410,1176,hosts_remaining
0,1310,2586,hosts_remaining
1,1176,1332,hosts_remaining
2,410,1176,hosts_remaining
0,1310,2586,hosts_remaining
1,1176,1332,hosts_remaining
2,410,1176,hosts_remaining
0,1310,2586,hosts_remaining
1,1176,1332,hosts_remaining
2,410,1176,hosts_remaining
0,1310,2586,hosts_remaining
1,1176,1332,hosts_remaining
2,410,1176,hosts_remaining
0,1310,2586,hosts_remaining
1,1176,1332,hosts_remaining
2,410,1176,hosts_remaining
0,1310,2586,hosts_remaining
1,1176,1332,hosts_remaining
2,410,1176,hosts_remaining
0,1310,2586,hosts_remaining
1,1176,1332,hosts_remaining
2,410,1176,hosts_remaining
0,1310,2586,hosts_remaining
1,1176,1332,hosts_remaining
2,410,1176,hosts_remaining
0,1310,2586,hosts_remaining
1,1176,1332,hosts_remaining
2,410,1176,hosts_remaining
0,1310,2586,hosts_remaining
1,1176,1332,hosts_remaining
2,410,1176,hosts_remaining
0,1310,2586,hosts_remaining
1,1176,1332,hosts_remaining
2,410,1176,hosts_remaining
0,1310,2586,hosts_remaining
1,1176,1332,hosts_remaining
2,410,1176,hosts_remaining
0,1310,2586,hosts_remaining
1,1176,1332,hosts_remaining
2,410,1176,hosts_remaining
0,1310,2586,hosts_remaining
1,1176,1332,hosts_remaining
2,410,1176,hosts_remaining
0,1310,2586,hosts_remaining
1,1176,1332,hosts_remaining
2,410,1176,hosts_remaining
0,1310,2586,hosts_remaining
1,1176,1332,hosts_remaining
2,410,1176,hosts_remaining
0,1310,2586,hosts_remaining
1,1176,1332,hosts_remaining
2,410,1176,hosts_remaining
0,1310,2586,hosts_remaining
1,1176,1332,hosts_remaining
2,410,1176,hosts_remaining
0,1310,2586,hosts_remaining
1,1176,1332,hosts_remaining
2,410,1176,hosts_remaining
0,1310,2586,hosts_remaining
1,1176,1332,hosts_remaining
2,410,1176,hosts_remaining
0,1310,2586,hosts_remaining
1,1176,1332,hosts_remaining
2,410,1176,hosts_remaining
0,1310,2586,hosts_remaining
1,1176,1332,hosts_remaining
2,410,1176,hosts_remaining
0,1310,2586,hosts_remaining
1,1176,1332,hosts_remaining
2,410,1176,hosts_remaining
0,1310,2586,hosts_remaining
1,1176,1332,hosts_remaining
2,410,1176,hosts_remaining
0,1310,2586,hosts_remaining
1,1176,1332,hosts_remaining
2,410,1176,hosts_remaining
0,1310,2586,hosts_remaining
1,1176,1332,hosts_remaining
2,410,1176,hosts_remaining
0,1310,2586,hosts_remaining
1,1176,1332,hosts_remaining
2,410,1176,hosts_remaining
0,1310,2586,hosts_remaining
1,1176,1332,hosts_remaining
2,410,1176,hosts_remaining
0,1310,2586,hosts_remaining
1,1176,1332,hosts_remaining
2,410,1176,hosts_remaining
0,1310,2586,hosts_remaining
1,1176,1332,hosts_remaining
2,410,1176,hosts_remaining
0,1310,2586,hosts_remaining
1,1176,1332,hosts_remaining
2,410,1176,hosts_remaining
0,1310,2586,hosts_remaining
1,1176,1332,hosts_remaining
2,410,1176,hosts_remaining
0,1310,2586,hosts_remaining
1,1176,1332,hosts_remaining
2,410,1176,hosts_remaining
0,1310,2586,hosts_remaining
1,1176,1332,hosts_remaining
2,410,1176,hosts_remaining
0,1310,2586,hosts_remaining
1,1176,1332,hosts_remaining
2,410,1176,hosts_remaining
0,1310,2586,hosts_remaining
1,1176,1332,hosts_remaining
2,410,1176,hosts_remaining
0,1310,2586,hosts_remaining
1,1176,1332,hosts_remaining
2,410,1176,hosts_remaining
0,1310,2586,hosts_remaining
1,1176,1332,hosts_remaining
2,410,1176,hosts_remaining
0,1310,2586,hosts_remaining
1,1176,1332,hosts_remaining
2,410,1176,hosts_remaining
0,1310,2586,hosts_remaining
1,1176,1332,hosts_remaining
2,410,1176,hosts_remaining
0,1310,2586,hosts_remaining
1,1176,1332,hosts_remaining
2,410,1176,hosts_remaining
0,1310,2586,hosts_remaining
1,1176,1332,hosts_remaining
2,410,1176,hosts_remaining
0,1310,2586,hosts_remaining
1,1176,1332,hosts_remaining
2,410,1176,hosts_remaining
0,1310,2586,hosts_remaining
1,1176,1332,hosts_remaining
2,410,1176,hosts_remaining
0,1310,2586,hosts_remaining
1,1176,1332,hosts_remaining
2,410,1176,hosts_remaining
0,1310,2586,hosts_remaining
1,1176,1332,hosts_remaining
2,410,1176,hosts_remaining
0,1310,2586,hosts_remaining
1,1176,1332,hosts_remaining
2,410,1176,hosts_remaining
0,1310,2586,hosts_remaining
1,1176,1332,hosts_remaining
2,410,1176,hosts_remaining
0,1310,2586,hosts_remaining
1,1176,1332,hosts_remaining
2,410,1176,hosts_remaining
0,1310,2586,hosts_remaining
1,1176,1332,hosts_remaining
2,410,1176,hosts_remaining
0,1310,2586,hosts_remaining
1,1176,1332,hosts_remaining
2,410,1176,hosts_remaining
0,1310,2586,hosts_remaining
1,1176,1332,hosts_remaining
2,410,1176,hosts_remaining
0,1310,2586,hosts_remaining
1,1176,1332,hosts_remaining
2,410,1176,hosts_remaining
0,1310,2586,hosts_remaining
1,1176,1332,hosts_remaining
2,410,1176,hosts_remaining
0,1310,2586,hosts_remaining
1,1176,1332,hosts_remaining
2,410,1176,hosts_remaining
0,1310,2586,hosts_remaining
1,1176,1332,hosts_remaining
2,410,1176,hosts_remaining
0,1310,2586,hosts_remaining
1,1176,1332,hosts_remaining
2,410,1176,hosts_remaining
0,1310,2586,hosts_remaining
1,1176,1332,hosts_remaining
2,410,1176,hosts_remaining
0,1310,2586,hosts_remaining
1,1176,1332,hosts_remaining
2,410,1176,hosts_remaining
0,1310,2586,hosts_remaining
1,1176,1332,hosts_remaining
2,410,1176,hosts_remaining
0,1310,2586,hosts_remaining
1,1176,1332,hosts_remaining
2,410,1176,hosts_remaining
0,1310,2586,hosts_remaining
1,1176,1332,hosts_remaining
2,410,1176,hosts_remaining
0,1310,2586,hosts_remaining
1,1176,1332,hosts_remaining
2,410,1176,hosts_remaining
0,1310,2586,hosts_remaining
1,1176,1332,hosts_remaining
2,410,1176,hosts_remaining
0,1310,2586,hosts_remaining
1,1176,1332,hosts_remaining
2,410,1176,hosts_remaining
0,1310,2586,hosts_remaining
1,1176,1332,hosts_remaining
2,410,1176,hosts_remaining
0,1310,2586,hosts_remaining
1,1176,1332,hosts_remaining
2,410,1176,hosts_remaining
0,1310,2586,hosts_remaining
1,1176,1332,hosts_remaining
2,410,1176,hosts_remaining
0,1310,2586,hosts_remaining
1,1176,1332,hosts_remaining
2,410,1176,hosts_remaining
0,1310,2586,hosts_remaining
1,1176,1332,hosts_remaining
2,410,1176,hosts_remaining
0,1310,2586,hosts_remaining
1,1176,1332,hosts_remaining
2,410,1176,hosts_remaining
0,1310,2586,hosts_remaining
1,1176,1332,hosts_remaining
2,410,1176,hosts_remaining
0,1310,2586,hosts_remaining
1,1176,1332,hosts_remaining
2,410,1176,hosts_remaining
0,1310,2586,hosts_remaining
1,1176,1332,hosts_remaining
2,410,1176,hosts_remaining
0,1310,2586,hosts_remaining
1,1176,1332,hosts_remaining
2,410,1176,hosts_remaining
0,1310,2586,hosts_remaining
1,1176,1332,hosts_remaining
2,410,1176,hosts_remaining
0,1310,2586,hosts_remaining
1,1176,1332,hosts_remaining
2,410,1176,hosts_remaining
0,1310,2586,hosts_remaining
1,1176,1332,hosts_remaining
2,410,1176,hosts_remaining
0,1310,2586,hosts_remaining
1,1176,1332,hosts_remaining
2,410,1176,hosts_remaining
0,1310,2586,hosts_remaining
1,1176,1332,hosts_remaining
2,410,1176,hosts_remaining
0,1310,2586,hosts_remaining
1,1176,1332,hosts_remaining
2,410,1176,hosts_remaining
0,1310,2586,hosts_remaining
1,1176,1332,hosts_remaining
2,410,1176,hosts_remaining
0,1310,2586,hosts_remaining
1,1176,1332,hosts_remaining
2,410,1176,hosts_remaining
0,1310,2586,hosts_remaining
1,1176,1332,hosts_remaining
2,410,1176,hosts_remaining
0,1310,2586,hosts_remaining
1,1176,1332,hosts_remaining
2,410,1176,hosts_remaining
0,1310,2586,hosts_remaining
1,1176,1332,hosts_remaining
2,410,1176,hosts_remaining
0,1310,2586,hosts_remaining
1,1176,1332,hosts_remaining
2,410,1176,hosts_remaining
0,1310,2586,hosts_remaining
1,1176,1332,hosts_remaining
2,410,1176,hosts_remaining
0,1310,2586,hosts_remaining
1,1176,1332,hosts_remaining
2,410,1176,hosts_remaining
0,1310,2586,hosts_remaining
1,1176,1332,hosts_remaining
2,410,1176,hosts_remaining
0,1310,2586,hosts_remaining
1,1176,1332,hosts_remaining
2,410,1176,hosts_remaining
0,1310,2586,hosts_remaining
1,1176,1332,hosts_remaining
2,410,1176,hosts_remaining
0,1310,2586,hosts_remaining
1,1176,1332,hosts_remaining
2,410,1176,hosts_remaining
0,1310,2586,hosts_remaining
1,1176,1332,hosts_remaining
2,410,1176,hosts_remaining
0,1310,2586,hosts_remaining
1,1176,1332,hosts_remaining
2,410,1176,hosts_remaining
0,1310,2586,hosts_remaining
1,1176,1332,hosts_remaining
2,410,1176,hosts_remaining
0,1310,2586,hosts_remaining
1,1176,1332,hosts_remaining
2,410,1176,hosts_remaining
0,1310,2586,hosts_remaining
1,1176,1332,hosts_remaining
2,410,1176,hosts_remaining
0,1310,2586,hosts_remaining
1,1176,1332,hosts_remaining
2,410,1176,hosts_remaining
0,1310,2586,hosts_remaining
1,1176,1332,hosts_remaining
2,410,1176,hosts_remaining
0,1310,2586,hosts_remaining
1,1176,1332,hosts_remaining
2,410,1176,hosts_remaining
0,1310,2586,hosts_remaining
1,1176,1332,hosts_remaining
2,410,1176,hosts_remaining
0,1310,2586,hosts_remaining
1,1176,1332,hosts_remaining
2,410,1176,hosts_remaining
0,1310,2586,hosts_remaining
1,1176,1332,hosts_remaining
2,410,1176,hosts_remaining
0,1310,2586,hosts_remaining
1,1176,1332,hosts_remaining
2,410,1176,hosts_remaining
0,1310,2586,hosts_remaining
1,1176,1332,hosts_remaining
2,410,1176,hosts_remaining
0,1310,2586,hosts_remaining
1,1176,1332,hosts_remaining
2,410,1176,hosts_remaining
0,1310,2586,hosts_remaining
1,1176,1332,hosts_remaining
2,410,1176,hosts_remaining
0,1310,2586,hosts_remaining
1,1176,1332,hosts_remaining
2,410,1176,hosts_remaining
0,1310,2586,hosts_remaining
1,1176,1332,hosts_remaining
2,410,1176,hosts_remaining
0,1310,2586,hosts_remaining
1,1176,1332,hosts_remaining
2,410,1176,hosts_remaining
0,1310,2586,hosts_remaining
1,1176,1332,hosts_remaining
2,410,1176,hosts_remaining
0,1310,2586,hosts_remaining
1,1176,1332,hosts_remaining
2,410,1176,hosts_remaining
0,1310,2586,hosts_remaining
1,1176,1332,hosts_remaining
2,410,1176,hosts_remaining
0,1310,2586,hosts_remaining
1,1176,1332,hosts_remaining
2,410,1176,hosts_remaining
0,1310,2586,hosts_remaining
1,1176,1332,hosts_remaining
2,410,1176,hosts_remaining
0,1310,2586,hosts_remaining
1,1176,1332,hosts_remaining
2,410,1176,hosts_remaining
0,1310,2586,hosts_remaining
1,1176,1332,hosts_remaining
2,410,1176,hosts_remaining
0,1310,2586,hosts_remaining
1,1176,1332,hosts_remaining
2,410,1176,hosts_remaining
0,1310,2586,hosts_remaining
1,1176,1332,hosts_remaining
2,410,1176,hosts_remaining
0,1310,2586,hosts_remaining
1,1176,1332,hosts_remaining
2,410,1176,hosts_remaining
0,1310,2586,hosts_remaining
1,1176,1332,hosts_remaining
2,410,1176,hosts_remaining
0,1310,2586,hosts_remaining
1,1176,1332,hosts_remaining
2,410,1176,hosts_remaining
0,1310,2586,hosts_remaining
1,1176,1332,hosts_remaining
2,410,1176,hosts_remaining
0,1310,2586,hosts_remaining
1,1176,1332,hosts_remaining
2,410,1176,hosts_remaining
0,1310,2586,hosts_remaining
1,1176,1332,hosts_remaining
2,410,1176,hosts_remaining
0,1310,2586,hosts_remaining
1,1176,1332,hosts_remaining
2,410,1176,hosts_remaining
0,1310,2586,hosts_remaining
1,1176,1332,hosts_remaining
2,410,1176,hosts_remaining
0,1310,2586,hosts_remaining
1,1176,1332,hosts_remaining
2,410,1176,hosts_remaining
0,1310,2586,hosts_remaining
1,1176,1332,hosts_remaining
2,410,1176,hosts_remaining
0,1310,2586,hosts_remaining
1,1176,1332,hosts_remaining
2,410,1176,hosts_remaining
0,1310,2586,hosts_remaining
1,1176,1332,hosts_remaining
2,410,1176,hosts_remaining
0,1310,2586,hosts_remaining
1,1176,1332,hosts_remaining
2,410,1176,hosts_remaining
0,1310,2586,hosts_remaining
1,1176,1332,hosts_remaining
2,410,1176,hosts_remaining
0,1310,2586,hosts_remaining
1,1176,1332,hosts_remaining
2,410,1176,hosts_remaining
0,1310,2586,hosts_remaining
1,1176,1332,hosts_remaining
2,410,1176,hosts_remaining
0,1310,2586,hosts_remaining
1,1176,1332,hosts_remaining
2,410,1176,hosts_remaining
0,1310,2586,hosts_remaining
1,1176,1332,hosts_remaining
2,410,1176,hosts_remaining
0,1310,2586,hosts_remaining
1,1176,1332,hosts_remaining
2,410,1176,hosts_remaining
0,1310,2586,hosts_remaining
1,1176,1332,hosts_remaining
2,410,1176,hosts_remaining
0,1310,2586,hosts_remaining
1,1176,1332,hosts_remaining
2,410,1176,hosts_remaining
0,1310,2586,hosts_remaining
1,1176,1332,hosts_remaining
2,410,1176,hosts_remaining
0,1310,2586,hosts_remaining
1,1176,1332,hosts_remaining
2,410,1176,hosts_remaining
0,1310,2586,hosts_remaining
1,1176,1332,hosts_remaining
2,410,1176,hosts_remaining
0,1310,2586,hosts_remaining
1,1176,1332,hosts_remaining
2,410,1176,hosts_remaining
0,1310,2586,hosts_remaining
1,1176,1332,hosts_remaining
2,410,1176,hosts_remaining
0,1310,2586,hosts_remaining
1,1176,1332,hosts_remaining
2,410,1176,hosts_remaining
0,1310,2586,hosts_remaining
1,1176,1332,hosts_remaining
2,410,1176,hosts_remaining
0,1310,2586,hosts_remaining
1,1176,1332,hosts_remaining
2,410,1176,hosts_remaining
0,1310,2586,hosts_remaining
1,1176,1332,hosts_remaining
2,410,1176,hosts_remaining
0,1310,2586,hosts_remaining
1,1176,1332,hosts_remaining
2,410,1176,hosts_remaining
0,1310,2586,hosts_remaining
1,1176,1332,hosts_remaining
2,410,1176,hosts_remaining
0,1310,2586,hosts_remaining
1,1176,1332,hosts_remaining
2,410,1176,hosts_remaining
0,1310,2586,hosts_remaining
1,1176,1332,hosts_remaining
2,410,1176,hosts_remaining
0,1310,2586,hosts_remaining
1,1176,1332,hosts_remaining
2,410,1176,hosts_remaining
0,1310,2586,hosts_remaining
1,1176,1332,hosts_remaining
2,410,1176,hosts_remaining
0,1310,2586,hosts_remaining
1,1176,1332,hosts_remaining
2,410,1176,hosts_remaining
0,1310,2586,hosts_remaining
1,1176,1332,hosts_remaining
2,410,1176,hosts_remaining
0,1310,2586,hosts_remaining
1,1176,1332,hosts_remaining
2,410,1176,hosts_remaining
0,1310,2586,hosts_remaining
1,1176,1332,hosts_remaining
2,410,1176,hosts_remaining
0,1310,2586,hosts_remaining
1,1176,1332,hosts_remaining
2,410,1176,hosts_remaining
0,1310,2586,hosts_remaining
1,1176,1332,hosts_remaining
2,410,1176,hosts_remaining
0,1310,2586,hosts_remaining
1,1176,1332,hosts_remaining
2,410,1176,hosts_remaining
0,1310,2586,hosts_remaining
1,1176,1332,hosts_remaining
2,410,1176,hosts_remaining
0,1310,2586,hosts_remaining
1,1176,1332,hosts_remaining
2,410,1176,hosts_remaining
0,1310,2586,hosts_remaining
1,1176,1332,hosts_remaining
2,410,1176,hosts_remaining
0,1310,2586,hosts_remaining
1,1176,1332,hosts_remaining
2,410,1176,hosts_remaining
0,1310,2586,hosts_remaining
1,1176,1332,hosts_remaining
2,410,1176,hosts_remaining
0,1310,2586,hosts_remaining
1,1176,1332,hosts_remaining
2,410,1176,hosts_remaining
0,1310,2586,hosts_remaining
1,1176,1332,hosts_remaining
2,410,1176,hosts_remaining
0,1310,2586,hosts_remaining
1,1176,1332,hosts_remaining
2,410,1176,hosts_remaining
0,1310,2586,hosts_remaining
1,1176,1332,hosts_remaining
2,410,1176,hosts_remaining
0,1310,2586,hosts_remaining
1,1176,1332,hosts_remaining
2,410,1176,hosts_remaining
0,1310,2586,hosts_remaining
1,1176,1332,hosts_remaining
2,410,1176,hosts_remaining
0,1310,2586,hosts_remaining
1,1176,1332,hosts_remaining
2,410,1176,hosts_remaining
0,1310,2586,hosts_remaining
1,1176,1332,hosts_remaining
2,410,1176,hosts_remaining
0,1310,2586,hosts_remaining
1,1176,1332,hosts_remaining
2,410,1176,hosts_remaining
0,1310,2586,hosts_remaining
1,1176,1332,hosts_remaining
2,410,1176,hosts_remaining
0,1310,2586,hosts_remaining
1,1176,1332,hosts_remaining
2,410,1176,hosts_remaining
0,1310,2586,hosts_remaining
1,1176,1332,hosts_remaining
2,410,1176,hosts_remaining
0,1310,2586,hosts_remaining
1,1176,1332,hosts_remaining
2,410,1176,hosts_remaining
0,1310,2586,hosts_remaining
1,1176,1332,hosts_remaining
2,410,1176,hosts_remaining
0,1310,2586,hosts_remaining
1,1176,1332,hosts_remaining
2,410,1176,hosts_remaining
0,1310,2586,hosts_remaining
1,1176,1332,hosts_remaining
2,410,1176,hosts_remaining
0,1310,2586,hosts_remaining
1,1176,1332,hosts_remaining
2,410,1176,hosts_remaining
0,1310,2586,hosts_remaining
1,1176,1332,hosts_remaining
2,410,1176,hosts_remaining
0,1310,2586,hosts_remaining
1,1176,1332,hosts_remaining
2,410,1176,hosts_remaining
0,3920,4512,host_alloc
1,1930,2873,host_alloc
2,1930,2873,host_alloc
0,3920,4512,host_alloc
1,1930,2873,host_alloc
2,1930,2873,host_alloc
0,3920,4512,host_alloc
1,1930,2873,host_alloc
2,1930,2873,host_alloc
0,3920,4512,host_alloc
1,1930,2873,host_alloc
2,1930,2873,host_alloc
0,3920,4512,host_alloc
1,1930,2873,host_alloc
2,1930,2873,host_alloc
0,3920,4512,host_alloc
1,1930,2873,host_alloc
2,1930,2873,host_alloc
0,3920,4512,host_alloc
1,1930,2873,host_alloc
2,1930,2873,host_alloc
0,3920,4512,host_alloc
1,1930,2873,host_alloc
2,1930,2873,host_alloc
0,3920,4512,host_alloc
1,1930,2873,host_alloc
2,1930,2873,host_alloc
0,3920,4512,host_alloc
1,1930,2873,host_alloc
2,1930,2873,host_alloc
0,3920,4512,host_alloc
1,1930,2873,host_alloc
2,1930,2873,host_alloc
0,3920,4512,host_alloc
1,1930,2873,host_alloc
2,1930,2873,host_alloc
0,3920,4512,host_alloc
1,1930,2873,host_alloc
2,1930,2873,host_alloc
0,3920,4512,host_alloc
1,1930,2873,host_alloc
2,1930,2873,host_alloc
0,3920,4512,host_alloc
1,1930,2873,host_alloc
2,1930,2873,host_alloc
0,3920,4512,host_alloc
1,1930,2873,host_alloc
2,1930,2873,host_alloc
0,3920,4512,host_alloc
1,1930,2873,host_alloc
2,1930,2873,host_alloc
0,3920,4512,host_alloc
1,1930,2873,host_alloc
2,1930,2873,host_alloc
0,3920,4512,host_alloc
1,1930,2873,host_alloc
2,1930,2873,host_alloc
0,3920,4512,host_alloc
1,1930,2873,host_alloc
2,1930,2873,host_alloc
0,3920,4512,host_alloc
1,1930,2873,host_alloc
2,1930,2873,host_alloc
0,3920,4512,host_alloc
1,1930,2873,host_alloc
2,1930,2873,host_alloc
0,3920,4512,host_alloc
1,1930,2873,host_alloc
2,1930,2873,host_alloc
0,3920,4512,host_alloc
1,1930,2873,host_alloc
2,1930,2873,host_alloc
0,3920,4512,host_alloc
1,1930,2873,host_alloc
2,1930,2873,host_alloc
0,3920,4512,host_alloc
1,1930,2873,host_alloc
2,1930,2873,host_alloc
0,3920,4512,host_alloc
1,1930,2873,host_alloc
2,1930,2873,host_alloc
0,3920,4512,host_alloc
1,1930,2873,host_alloc
2,1930,2873,host_alloc
0,3920,4512,host_alloc
1,1930,2873,host_alloc
2,1930,2873,host_alloc
0,3920,4512,host_alloc
1,1930,2873,host_alloc
2,1930,2873,host_alloc
0,3920,4512,host_alloc
1,1930,2873,host_alloc
2,1930,2873,host_alloc
0,3920,4512,host_alloc
1,1930,2873,host_alloc
2,1930,2873,host_alloc
0,3920,4512,host_alloc
1,1930,2873,host_alloc
2,1930,2873,host_alloc
0,3920,4512,host_alloc
1,1930,2873,host_alloc
2,1930,2873,host_alloc
0,3920,4512,host_alloc
1,1930,2873,host_alloc
2,1930,2873,host_alloc
0,3920,4512,host_alloc
1,1930,2873,host_alloc
2,1930,2873,host_alloc
0,3920,4512,host_alloc
1,1930,2873,host_alloc
2,1930,2873,host_alloc
0,3920,4512,host_alloc
1,1930,2873,host_alloc
2,1930,2873,host_alloc
0,3920,4512,host_alloc
1,1930,2873,host_alloc
2,1930,2873,host_alloc
0,3920,4512,host_alloc
1,1930,2873,host_alloc
2,1930,2873,host_alloc
0,3920,4512,host_alloc
1,1930,2873,host_alloc
2,1930,2873,host_alloc
0,3920,4512,host_alloc
1,1930,2873,host_alloc
2,1930,2873,host_alloc
0,3920,4512,host_alloc
1,1930,2873,host_alloc
2,1930,2873,host_alloc
0,3920,4512,host_alloc
1,1930,2873,host_alloc
2,1930,2873,host_alloc
0,3920,4512,host_alloc
1,1930,2873,host_alloc
2,1930,2873,host_alloc
0,3920,4512,host_alloc
1,1930,2873,host_alloc
2,1930,2873,host_alloc
0,3920,4512,host_alloc
1,1930,2873,host_alloc
2,1930,2873,host_alloc
0,3920,4512,host_alloc
1,1930,2873,host_alloc
2,1930,2873,host_alloc
0,3920,4512,host_alloc
1,1930,2873,host_alloc
2,1930,2873,host_alloc
0,3920,4512,host_alloc
1,1930,2873,host_alloc
2,1930,2873,host_alloc
0,3920,4512,host_alloc
1,1930,2873,host_alloc
2,1930,2873,host_alloc
0,3920,4512,host_alloc
1,1930,2873,host_alloc
2,1930,2873,host_alloc
0,3920,4512,host_alloc
1,1930,2873,host_alloc
2,1930,2873,host_alloc
0,3920,4512,host_alloc
1,1930,2873,host_alloc
2,1930,2873,host_alloc
0,3920,4512,host_alloc
1,1930,2873,host_alloc
2,1930,2873,host_alloc
0,3920,4512,host_alloc
1,1930,2873,host_alloc
2,1930,2873,host_alloc
0,3920,4512,host_alloc
1,1930,2873,host_alloc
2,1930,2873,host_alloc
0,3920,4512,host_alloc
1,1930,2873,host_alloc
2,1930,2873,host_alloc
0,3920,4512,host_alloc
1,1930,2873,host_alloc
2,1930,2873,host_alloc
0,3920,4512,host_alloc
1,1930,2873,host_alloc
2,1930,2873,host_alloc
0,3920,4512,host_alloc
1,1930,2873,host_alloc
2,1930,2873,host_alloc
0,3920,4512,host_alloc
1,1930,2873,host_alloc
2,1930,2873,host_alloc
0,3920,4512,host_alloc
1,1930,2873,host_alloc
2,1930,2873,host_alloc
0,3920,4512,host_alloc
1,1930,2873,host_alloc
2,1930,2873,host_alloc
0,3920,4512,host_alloc
1,1930,2873,host_alloc
2,1930,2873,host_alloc
0,3920,4512,host_alloc
1,1930,2873,host_alloc
2,1930,2873,host_alloc
0,3920,4512,host_alloc
1,1930,2873,host_alloc
2,1930,2873,host_alloc
0,3920,4512,host_alloc
1,1930,2873,host_alloc
2,1930,2873,host_alloc
0,3920,4512,host_alloc
1,1930,2873,host_alloc
2,1930,2873,host_alloc
0,3920,4512,host_alloc
1,1930,2873,host_alloc
2,1930,2873,host_alloc
0,3920,4512,host_alloc
1,1930,2873,host_alloc
2,1930,2873,host_alloc
0,3920,4512,host_alloc
1,1930,2873,host_alloc
2,1930,2873,host_alloc
0,3920,4512,host_alloc
1,1930,2873,host_alloc
2,1930,2873,host_alloc
0,3920,4512,host_alloc
1,1930,2873,host_alloc
2,1930,2873,host_alloc
0,3920,4512,host_alloc
1,1930,2873,host_alloc
2,1930,2873,host_alloc
0,3920,4512,host_alloc
1,1930,2873,host_alloc
2,1930,2873,host_alloc
0,3920,4512,host_alloc
1,1930,2873,host_alloc
2,1930,2873,host_alloc
0,3920,4512,host_alloc
1,1930,2873,host_alloc
2,1930,2873,host_alloc
0,3920,4512,host_alloc
1,1930,2873,host_alloc
2,1930,2873,host_alloc
0,3920,4512,host_alloc
1,1930,2873,host_alloc
2,1930,2873,host_alloc
0,3920,4512,host_alloc
1,1930,2873,host_alloc
2,1930,2873,host_alloc
0,3920,4512,host_alloc
1,1930,2873,host_alloc
2,1930,2873,host_alloc
0,3920,4512,host_alloc
1,1930,2873,host_alloc
2,1930,2873,host_alloc
0,3920,4512,host_alloc
1,1930,2873,host_alloc
2,1930,2873,host_alloc
0,3920,4512,host_alloc
1,1930,2873,host_alloc
2,1930,2873,host_alloc
0,3920,4512,host_alloc
1,1930,2873,host_alloc
2,1930,2873,host_alloc
0,3920,4512,host_alloc
1,1930,2873,host_alloc
2,1930,2873,host_alloc
0,3920,4512,host_alloc
1,1930,2873,host_alloc
2,1930,2873,host_alloc
0,3920,4512,host_alloc
1,1930,2873,host_alloc
2,1930,2873,host_alloc
0,3920,4512,host_alloc
1,1930,2873,host_alloc
2,1930,2873,host_alloc
0,3920,4512,host_alloc
1,1930,2873,host_alloc
2,1930,2873,host_alloc
0,3920,4512,host_alloc
1,1930,2873,host_alloc
2,1930,2873,host_alloc
0,3920,4512,host_alloc
1,1930,2873,host_alloc
2,1930,2873,host_alloc
0,3920,4512,host_alloc
1,1930,2873,host_alloc
2,1930,2873,host_alloc
0,3920,4512,host_alloc
1,1930,2873,host_alloc
2,1930,2873,host_alloc
0,3920,4512,host_alloc
1,1930,2873,host_alloc
2,1930,2873,host_alloc
0,3920,4512,host_alloc
1,1930,2873,host_alloc
2,1930,2873,host_alloc
0,3920,4512,host_alloc
1,1930,2873,host_alloc
2,1930,2873,host_alloc
0,3920,4512,host_alloc
1,1930,2873,host_alloc
2,1930,2873,host_alloc
0,3920,4512,host_alloc
1,1930,2873,host_alloc
2,1930,2873,host_alloc
0,3920,4512,host_alloc
1,1930,2873,host_alloc
2,1930,2873,host_alloc
0,3920,4512,host_alloc
1,1930,2873,host_alloc
2,1930,2873,host_alloc
0,3920,4512,host_alloc
1,1930,2873,host_alloc
2,1930,2873,host_alloc
0,3920,4512,host_alloc
1,1930,2873,host_alloc
2,1930,2873,host_alloc
0,3920,4512,host_alloc
1,1930,2873,host_alloc
2,1930,2873,host_alloc
0,3920,4512,host_alloc
1,1930,2873,host_alloc
2,1930,2873,host_alloc
0,3920,4512,host_alloc
1,1930,2873,host_alloc
2,1930,2873,host_alloc
0,3920,4512,host_alloc
1,1930,2873,host_alloc
2,1930,2873,host_alloc
0,3920,4512,host_alloc
1,1930,2873,host_alloc
2,1930,2873,host_alloc
0,3920,4512,host_alloc
1,1930,2873,host_alloc
2,1930,2873,host_alloc
0,3920,4512,host_alloc
1,1930,2873,host_alloc
2,1930,2873,host_alloc
0,3920,4512,host_alloc
1,1930,2873,host_alloc
2,1930,2873,host_alloc
0,3920,4512,host_alloc
1,1930,2873,host_alloc
2,1930,2873,host_alloc
0,3920,4512,host_alloc
1,1930,2873,host_alloc
2,1930,2873,host_alloc
0,3920,4512,host_alloc
1,1930,2873,host_alloc
2,1930,2873,host_alloc
0,3920,4512,host_alloc
1,1930,2873,host_alloc
2,1930,2873,host_alloc
0,3920,4512,host_alloc
1,1930,2873,host_alloc
2,1930,2873,host_alloc
0,3920,4512,host_alloc
1,1930,2873,host_alloc
2,1930,2873,host_alloc
0,3920,4512,host_alloc
1,1930,2873,host_alloc
2,1930,2873,host_alloc
0,3920,4512,host_alloc
1,1930,2873,host_alloc
2,1930,2873,host_alloc
0,3920,4512,host_alloc
1,1930,2873,host_alloc
2,1930,2873,host_alloc
0,3920,4512,host_alloc
1,1930,2873,host_alloc
2,1930,2873,host_alloc
0,3920,4512,host_alloc
1,1930,2873,host_alloc
2,1930,2873,host_alloc
0,3920,4512,host_alloc
1,1930,2873,host_alloc
2,1930,2873,host_alloc
0,3920,4512,host_alloc
1,1930,2873,host_alloc
2,1930,2873,host_alloc
0,3920,4512,host_alloc
1,1930,2873,host_alloc
2,1930,2873,host_alloc
0,3920,4512,host_alloc
1,1930,2873,host_alloc
2,1930,2873,host_alloc
0,3920,4512,host_alloc
1,1930,2873,host_alloc
2,1930,2873,host_alloc
0,3920,4512,host_alloc
1,1930,2873,host_alloc
2,1930,2873,host_alloc
0,3920,4512,host_alloc
1,1930,2873,host_alloc
2,1930,2873,host_alloc
0,3920,4512,host_alloc
1,1930,2873,host_alloc
2,1930,2873,host_alloc
0,3920,4512,host_alloc
1,1930,2873,host_alloc
2,1930,2873,host_alloc
0,3920,4512,host_alloc
1,1930,2873,host_alloc
2,1930,2873,host_alloc
0,3920,4512,host_alloc
1,1930,2873,host_alloc
2,1930,2873,host_alloc
0,3920,4512,host_alloc
1,1930,2873,host_alloc
2,1930,2873,host_alloc
0,3920,4512,host_alloc
1,1930,2873,host_alloc
2,1930,2873,host_alloc
0,3920,4512,host_alloc
1,1930,2873,host_alloc
2,1930,2873,host_alloc
0,3920,4512,host_alloc
1,1930,2873,host_alloc
2,1930,2873,host_alloc
0,3920,4512,host_alloc
1,1930,2873,host_alloc
2,1930,2873,host_alloc
0,3920,4512,host_alloc
1,1930,2873,host_alloc
2,1930,2873,host_alloc
0,3920,4512,host_alloc
1,1930,2873,host_alloc
2,1930,2873,host_alloc
0,3920,4512,host_alloc
1,1930,2873,host_alloc
2,1930,2873,host_alloc
0,3920,4512,host_alloc
1,1930,2873,host_alloc
2,1930,2873,host_alloc
0,3920,4512,host_alloc
1,1930,2873,host_alloc
2,1930,2873,host_alloc
0,3920,4512,host_alloc
1,1930,2873,host_alloc
2,1930,2873,host_alloc
0,3920,4512,host_alloc
1,1930,2873,host_alloc
2,1930,2873,host_alloc
0,3920,4512,host_alloc
1,1930,2873,host_alloc
2,1930,2873,host_alloc
0,3920,4512,host_alloc
1,1930,2873,host_alloc
2,1930,2873,host_alloc
0,3920,4512,host_alloc
1,1930,2873,host_alloc
2,1930,2873,host_alloc
0,3920,4512,host_alloc
1,1930,2873,host_alloc
2,1930,2873,host_alloc
0,3920,4512,host_alloc
1,1930,2873,host_alloc
2,1930,2873,host_alloc
0,3920,4512,host_alloc
1,1930,2873,host_alloc
2,1930,2873,host_alloc
0,3920,4512,host_alloc
1,1930,2873,host_alloc
2,1930,2873,host_alloc
0,3920,4512,host_alloc
1,1930,2873,host_alloc
2,1930,2873,host_alloc
0,3920,4512,host_alloc
1,1930,2873,host_alloc
2,1930,2873,host_alloc
0,3920,4512,host_alloc
1,1930,2873,host_alloc
2,1930,2873,host_alloc
0,3920,4512,host_alloc
1,1930,2873,host_alloc
2,1930,2873,host_alloc
0,3920,4512,host_alloc
1,1930,2873,host_alloc
2,1930,2873,host_alloc
0,3920,4512,host_alloc
1,1930,2873,host_alloc
2,1930,2873,host_alloc
0,3920,4512,host_alloc
1,1930,2873,host_alloc
2,1930,2873,host_alloc
0,3920,4512,host_alloc
1,1930,2873,host_alloc
2,1930,2873,host_alloc
0,3920,4512,host_alloc
1,1930,2873,host_alloc
2,1930,2873,host_alloc
0,3920,4512,host_alloc
1,1930,2873,host_alloc
2,1930,2873,host_alloc
0,3920,4512,host_alloc
1,1930,2873,host_alloc
2,1930,2873,host_alloc
0,3920,4512,host_alloc
1,1930,2873,host_alloc
2,1930,2873,host_alloc
0,3920,4512,host_alloc
1,1930,2873,host_alloc
2,1930,2873,host_alloc
0,3920,4512,host_alloc
1,1930,2873,host_alloc
2,1930,2873,host_alloc
0,3920,4512,host_alloc
1,1930,2873,host_alloc
2,1930,2873,host_alloc
0,3920,4512,host_alloc
1,1930,2873,host_alloc
2,1930,2873,host_alloc
0,3920,4512,host_alloc
1,1930,2873,host_alloc
2,1930,2873,host_alloc
0,3920,4512,host_alloc
1,1930,2873,host_alloc
2,1930,2873,host_alloc
0,3920,4512,host_alloc
1,1930,2873,host_alloc
2,1930,2873,host_alloc
0,3920,4512,host_alloc
1,1930,2873,host_alloc
2,1930,2873,host_alloc
0,3920,4512,host_alloc
1,1930,2873,host_alloc
2,1930,2873,host_alloc
0,3920,4512,host_alloc
1,1930,2873,host_alloc
2,1930,2873,host_alloc
0,3920,4512,host_alloc
1,1930,2873,host_alloc
2,1930,2873,host_alloc
0,3920,4512,host_alloc
1,1930,2873,host_alloc
2,1930,2873,host_alloc
0,3920,4512,host_alloc
1,1930,2873,host_alloc
2,1930,2873,host_alloc
0,3920,4512,host_alloc
1,1930,2873,host_alloc
2,1930,2873,host_alloc
0,3920,4512,host_alloc
1,1930,2873,host_alloc
2,1930,2873,host_alloc
0,3920,4512,host_alloc
1,1930,2873,host_alloc
2,1930,2873,host_alloc
0,3920,4512,host_alloc
1,1930,2873,host_alloc
2,1930,2873,host_alloc
0,3920,4512,host_alloc
1,1930,2873,host_alloc
2,1930,2873,host_alloc
0,3920,4512,host_alloc
1,1930,2873,host_alloc
2,1930,2873,host_alloc
0,3920,4512,host_alloc
1,1930,2873,host_alloc
2,1930,2873,host_alloc
0,3920,4512,host_alloc
1,1930,2873,host_alloc
2,1930,2873,host_alloc
0,3920,4512,host_alloc
1,1930,2873,host_alloc
2,1930,2873,host_alloc
0,3920,4512,host_alloc
1,1930,2873,host_alloc
2,1930,2873,host_alloc
0,3920,4512,host_alloc
1,1930,2873,host_alloc
2,1930,2873,host_alloc
0,3920,4512,host_alloc
1,1930,2873,host_alloc
2,1930,2873,host_alloc
0,3920,4512,host_alloc
1,1930,2873,host_alloc
2,1930,2873,host_alloc
0,3920,4512,host_alloc
1,1930,2873,host_alloc
2,1930,2873,host_alloc
0,3920,4512,host_alloc
1,1930,2873,host_alloc
2,1930,2873,host_alloc
0,3920,4512,host_alloc
1,1930,2873,host_alloc
2,1930,2873,host_alloc
0,3920,4512,host_alloc
1,1930,2873,host_alloc
2,1930,2873,host_alloc
0,3920,4512,host_alloc
1,1930,2873,host_alloc
2,1930,2873,host_alloc
0,3920,4512,host_alloc
1,1930,2873,host_alloc
2,1930,2873,host_alloc
0,3920,4512,host_alloc
1,1930,2873,host_alloc
2,1930,2873,host_alloc
0,3920,4512,host_alloc
1,1930,2873,host_alloc
2,1930,2873,host_alloc
0,3920,4512,host_alloc
1,1930,2873,host_alloc
2,1930,2873,host_alloc
0,3920,4512,host_alloc
1,1930,2873,host_alloc
2,1930,2873,host_alloc
0,3920,4512,host_alloc
1,1930,2873,host_alloc
2,1930,2873,host_alloc
0,3920,4512,host_alloc
1,1930,2873,host_alloc
2,1930,2873,host_alloc
0,3920,4512,host_alloc
1,1930,2873,host_alloc
2,1930,2873,host_alloc
0,3920,4512,host_alloc
1,1930,2873,host_alloc
2,1930,2873,host_alloc
0,3920,4512,host_alloc
1,1930,2873,host_alloc
2,1930,2873,host_alloc
0,3920,4512,host_alloc
1,1930,2873,host_alloc
2,1930,2873,host_alloc
0,3920,4512,host_alloc
1,1930,2873,host_alloc
2,1930,2873,host_alloc
0,3920,4512,host_alloc
1,1930,2873,host_alloc
2,1930,2873,host_alloc
0,3920,4512,host_alloc
1,1930,2873,host_alloc
2,1930,2873,host_alloc
0,3920,4512,host_alloc
1,1930,2873,host_alloc
2,1930,2873,host_alloc
0,3920,4512,host_alloc
1,1930,2873,host_alloc
2,1930,2873,host_alloc
0,3920,4512,host_alloc
1,1930,2873,host_alloc
2,1930,2873,host_alloc
0,3920,4512,host_alloc
1,1930,2873,host_alloc
2,1930,2873,host_alloc
0,3920,4512,host_alloc
1,1930,2873,host_alloc
2,1930,2873,host_alloc
0,3920,4512,host_alloc
1,1930,2873,host_alloc
2,1930,2873,host_alloc
0,3920,4512,host_alloc
1,1930,2873,host_alloc
2,1930,2873,host_alloc
0,3920,4512,host_alloc
1,1930,2873,host_alloc
2,1930,2873,host_alloc
0,3920,4512,host_alloc
1,1930,2873,host_alloc
2,1930,2873,host_alloc
0,3920,4512,host_alloc
1,1930,2873,host_alloc
2,1930,2873,host_alloc
0,3920,4512,host_alloc
1,1930,2873,host_alloc
2,1930,2873,host_alloc
0,3920,4512,host_alloc
1,1930,2873,host_alloc
2,1930,2873,host_alloc
0,3920,4512,host_alloc
1,1930,2873,host_alloc
2,1930,2873,host_alloc
0,3920,4512,host_alloc
1,1930,2873,host_alloc
2,1930,2873,host_alloc
0,3920,4512,host_alloc
1,1930,2873,host_alloc
2,1930,2873,host_alloc
0,3920,4512,host_alloc
1,1930,2873,host_alloc
2,1930,2873,host_alloc
0,3920,4512,host_alloc
1,1930,2873,host_alloc
2,1930,2873,host_alloc
0,3920,4512,host_alloc
1,1930,2873,host_alloc
2,1930,2873,host_alloc
0,3920,4512,host_alloc
1,1930,2873,host_alloc
2,1930,2873,host_alloc
0,3920,4512,host_alloc
1,1930,2873,host_alloc
2,1930,2873,host_alloc
0,3920,4512,host_alloc
1,1930,2873,host_alloc
2,1930,2873,host_alloc
0,3920,4512,host_alloc
1,1930,2873,host_alloc
2,1930,2873,host_alloc
0,3920,4512,host_alloc
1,1930,2873,host_alloc
2,1930,2873,host_alloc
0,3920,4512,host_alloc
1,1930,2873,host_alloc
2,1930,2873,host_alloc
0,3920,4512,host_alloc
1,1930,2873,host_alloc
2,1930,2873,host_alloc
0,3920,4512,host_alloc
1,1930,2873,host_alloc
2,1930,2873,host_alloc
0,3920,4512,host_alloc
1,1930,2873,host_alloc
2,1930,2873,host_alloc
0,3920,4512,host_alloc
1,1930,2873,host_alloc
2,1930,2873,host_alloc
0,3920,4512,host_alloc
1,1930,2873,host_alloc
2,1930,2873,host_alloc
0,3920,4512,host_alloc
1,1930,2873,host_alloc
2,1930,2873,host_alloc
0,3920,4512,host_alloc
1,1930,2873,host_alloc
2,1930,2873,host_alloc
0,3920,4512,host_alloc
1,1930,2873,host_alloc
2,1930,2873,host_alloc
0,3920,4512,host_alloc
1,1930,2873,host_alloc
2,1930,2873,host_alloc
0,3920,4512,host_alloc
1,1930,2873,host_alloc
2,1930,2873,host_alloc
0,3920,4512,host_alloc
1,1930,2873,host_alloc
2,1930,2873,host_alloc
0,3920,4512,host_alloc
1,1930,2873,host_alloc
2,1930,2873,host_alloc
0,3920,4512,host_alloc
1,1930,2873,host_alloc
2,1930,2873,host_alloc
0,3920,4512,host_alloc
1,1930,2873,host_alloc
2,1930,2873,host_alloc
0,3920,4512,host_alloc
1,1930,2873,host_alloc
2,1930,2873,host_alloc
0,3920,4512,host_alloc
1,1930,2873,host_alloc
2,1930,2873,host_alloc
0,3920,4512,host_alloc
1,1930,2873,host_alloc
2,1930,2873,host_alloc
0,3920,4512,host_alloc
1,1930,2873,host_alloc
2,1930,2873,host_alloc
0,3920,4512,host_alloc
1,1930,2873,host_alloc
2,1930,2873,host_alloc
0,3920,4512,host_alloc
1,1930,2873,host_alloc
2,1930,2873,host_alloc
0,3920,4512,host_alloc
1,1930,2873,host_alloc
2,1930,2873,host_alloc
0,3920,4512,host_alloc
1,1930,2873,host_alloc
2,1930,2873,host_alloc
0,3920,4512,host_alloc
1,1930,2873,host_alloc
2,1930,2873,host_alloc
0,3920,4512,host_alloc
1,1930,2873,host_alloc
2,1930,2873,host_alloc
0,3920,4512,host_alloc
1,1930,2873,host_alloc
2,1930,2873,host_alloc
0,3920,4512,host_alloc
1,1930,2873,host_alloc
2,1930,2873,host_alloc
0,3920,4512,host_alloc
1,1930,2873,host_alloc
2,1930,2873,host_alloc
0,3920,4512,host_alloc
1,1930,2873,host_alloc
2,1930,2873,host_alloc
0,3920,4512,host_alloc
1,1930,2873,host_alloc
2,1930,2873,host_alloc
0,3920,4512,host_alloc
1,1930,2873,host_alloc
2,1930,2873,host_alloc
0,3920,4512,host_alloc
1,1930,2873,host_alloc
2,1930,2873,host_alloc
0,3920,4512,host_alloc
1,1930,2873,host_alloc
2,1930,2873,host_alloc
0,3920,4512,host_alloc
1,1930,2873,host_alloc
2,1930,2873,host_alloc
0,3920,4512,host_alloc
1,1930,2873,host_alloc
2,1930,2873,host_alloc
0,3920,4512,host_alloc
1,1930,2873,host_alloc
2,1930,2873,host_alloc
0,3920,4512,host_alloc
1,1930,2873,host_alloc
2,1930,2873,host_alloc
0,3920,4512,host_alloc
1,1930,2873,host_alloc
2,1930,2873,host_alloc
0,3920,4512,host_alloc
1,1930,2873,host_alloc
2,1930,2873,host_alloc
0,3920,4512,host_alloc
1,1930,2873,host_alloc
2,1930,2873,host_alloc
0,3920,4512,host_alloc
1,1930,2873,host_alloc
2,1930,2873,host_alloc
0,3920,4512,host_alloc
1,1930,2873,host_alloc
2,1930,2873,host_alloc
0,3920,4512,host_alloc
1,1930,2873,host_alloc
2,1930,2873,host_alloc
0,3920,4512,host_alloc
1,1930,2873,host_alloc
2,1930,2873,host_alloc
0,3920,4512,host_alloc
1,1930,2873,host_alloc
2,1930,2873,host_alloc
0,3920,4512,host_alloc
1,1930,2873,host_alloc
2,1930,2873,host_alloc
0,3920,4512,host_alloc
1,1930,2873,host_alloc
2,1930,2873,host_alloc
0,3920,4512,host_alloc
1,1930,2873,host_alloc
2,1930,2873,host_alloc
0,3920,4512,host_alloc
1,1930,2873,host_alloc
2,1930,2873,host_alloc
0,3920,4512,host_alloc
1,1930,2873,host_alloc
2,1930,2873,host_alloc
0,3920,4512,host_alloc
1,1930,2873,host_alloc
2,1930,2873,host_alloc
0,3920,4512,host_alloc
1,1930,2873,host_alloc
2,1930,2873,host_alloc
0,3920,4512,host_alloc
1,1930,2873,host_alloc
2,1930,2873,host_alloc
0,3920,4512,host_alloc
1,1930,2873,host_alloc
2,1930,2873,host_alloc
0,3920,4512,host_alloc
1,1930,2873,host_alloc
2,1930,2873,host_alloc
0,3920,4512,host_alloc
1,1930,2873,host_alloc
2,1930,2873,host_alloc
0,3920,4512,host_alloc
1,1930,2873,host_alloc
2,1930,2873,host_alloc
0,3920,4512,host_alloc
1,1930,2873,host_alloc
2,1930,2873,host_alloc
0,3920,4512,host_alloc
1,1930,2873,host_alloc
2,1930,2873,host_alloc
0,3920,4512,host_alloc
1,1930,2873,host_alloc
2,1930,2873,host_alloc
0,3920,4512,host_alloc
1,1930,2873,host_alloc
2,1930,2873,host_alloc
0,3920,4512,host_alloc
1,1930,2873,host_alloc
2,1930,2873,host_alloc
0,3920,4512,host_alloc
1,1930,2873,host_alloc
2,1930,2873,host_alloc
0,3920,4512,host_alloc
1,1930,2873,host_alloc
2,1930,2873,host_alloc
0,3920,4512,host_alloc
1,1930,2873,host_alloc
2,1930,2873,host_alloc
0,3920,4512,host_alloc
1,1930,2873,host_alloc
2,1930,2873,host_alloc
0,3920,4512,host_alloc
1,1930,2873,host_alloc
2,1930,2873,host_alloc
0,3920,4512,host_alloc
1,1930,2873,host_alloc
2,1930,2873,host_alloc
0,3920,4512,host_alloc
1,1930,2873,host_alloc
2,1930,2873,host_alloc
0,3920,4512,host_alloc
1,1930,2873,host_alloc
2,1930,2873,host_alloc
0,3920,4512,host_alloc
1,1930,2873,host_alloc
2,1930,2873,host_alloc
0,3920,4512,host_alloc
1,1930,2873,host_alloc
2,1930,2873,host_alloc
0,3920,4512,host_alloc
1,1930,2873,host_alloc
2,1930,2873,host_alloc
0,3920,4512,host_alloc
1,1930,2873,host_alloc
2,1930,2873,host_alloc
0,3920,4512,host_alloc
1,1930,2873,host_alloc
2,1930,2873,host_alloc
0,3920,4512,host_alloc
1,1930,2873,host_alloc
2,1930,2873,host_alloc
0,3920,4512,host_alloc
1,1930,2873,host_alloc
2,1930,2873,host_alloc
0,3920,4512,host_alloc
1,1930,2873,host_alloc
2,1930,2873,host_alloc
0,3920,4512,host_alloc
1,1930,2873,host_alloc
2,1930,2873,host_alloc
0,3920,4512,host_alloc
1,1930,2873,host_alloc
2,1930,2873,host_alloc
0,3920,4512,host_alloc
1,1930,2873,host_alloc
2,1930,2873,host_alloc
0,3920,4512,host_alloc
1,1930,2873,host_alloc
2,1930,2873,host_alloc
0,3920,4512,host_alloc
1,1930,2873,host_alloc
2,1930,2873,host_alloc
0,3920,4512,host_alloc
1,1930,2873,host_alloc
2,1930,2873,host_alloc
0,3920,4512,host_alloc
1,1930,2873,host_alloc
2,1930,2873,host_alloc
0,3920,4512,host_alloc
1,1930,2873,host_alloc
2,1930,2873,host_alloc
0,3920,4512,host_alloc
1,1930,2873,host_alloc
2,1930,2873,host_alloc
0,3920,4512,host_alloc
1,1930,2873,host_alloc
2,1930,2873,host_alloc
0,3920,4512,host_alloc
1,1930,2873,host_alloc
2,1930,2873,host_alloc
0,3920,4512,host_alloc
1,1930,2873,host_alloc
2,1930,2873,host_alloc
0,3920,4512,host_alloc
1,1930,2873,host_alloc
2,1930,2873,host_alloc
0,3920,4512,host_alloc
1,1930,2873,host_alloc
2,1930,2873,host_alloc
0,3920,4512,host_alloc
1,1930,2873,host_alloc
2,1930,2873,host_alloc
0,3920,4512,host_alloc
1,1930,2873,host_alloc
2,1930,2873,host_alloc
0,3920,4512,host_alloc
1,1930,2873,host_alloc
2,1930,2873,host_alloc
0,3920,4512,host_alloc
1,1930,2873,host_alloc
2,1930,2873,host_alloc
0,3920,4512,host_alloc
1,1930,2873,host_alloc
2,1930,2873,host_alloc
0,3920,4512,host_alloc
1,1930,2873,host_alloc
2,1930,2873,host_alloc
0,3920,4512,host_alloc
1,1930,2873,host_alloc
2,1930,2873,host_alloc
0,3920,4512,host_alloc
1,1930,2873,host_alloc
2,1930,2873,host_alloc
0,2610,1926,hosts_requested
1,754,1541,hosts_requested
2,1520,1697,hosts_requested
0,2610,1926,hosts_requested
1,754,1541,hosts_requested
2,1520,1697,hosts_requested
0,2610,1926,hosts_requested
1,754,1541,hosts_requested
2,1520,1697,hosts_requested
0,2610,1926,hosts_requested
1,754,1541,hosts_requested
2,1520,1697,hosts_requested
0,2610,1926,hosts_requested
1,754,1541,hosts_requested
2,1520,1697,hosts_requested
0,2610,1926,hosts_requested
1,754,1541,hosts_requested
2,1520,1697,hosts_requested
0,2610,1926,hosts_requested
1,754,1541,hosts_requested
2,1520,1697,hosts_requested
0,2610,1926,hosts_requested
1,754,1541,hosts_requested
2,1520,1697,hosts_requested
0,2610,1926,hosts_requested
1,754,1541,hosts_requested
2,1520,1697,hosts_requested
0,2610,1926,hosts_requested
1,754,1541,hosts_requested
2,1520,1697,hosts_requested
0,2610,1926,hosts_requested
1,754,1541,hosts_requested
2,1520,1697,hosts_requested
0,2610,1926,hosts_requested
1,754,1541,hosts_requested
2,1520,1697,hosts_requested
0,2610,1926,hosts_requested
1,754,1541,hosts_requested
2,1520,1697,hosts_requested
0,2610,1926,hosts_requested
1,754,1541,hosts_requested
2,1520,1697,hosts_requested
0,2610,1926,hosts_requested
1,754,1541,hosts_requested
2,1520,1697,hosts_requested
0,2610,1926,hosts_requested
1,754,1541,hosts_requested
2,1520,1697,hosts_requested
0,2610,1926,hosts_requested
1,754,1541,hosts_requested
2,1520,1697,hosts_requested
0,2610,1926,hosts_requested
1,754,1541,hosts_requested
2,1520,1697,hosts_requested
0,2610,1926,hosts_requested
1,754,1541,hosts_requested
2,1520,1697,hosts_requested
0,2610,1926,hosts_requested
1,754,1541,hosts_requested
2,1520,1697,hosts_requested
0,2610,1926,hosts_requested
1,754,1541,hosts_requested
2,1520,1697,hosts_requested
0,2610,1926,hosts_requested
1,754,1541,hosts_requested
2,1520,1697,hosts_requested
0,2610,1926,hosts_requested
1,754,1541,hosts_requested
2,1520,1697,hosts_requested
0,2610,1926,hosts_requested
1,754,1541,hosts_requested
2,1520,1697,hosts_requested
0,2610,1926,hosts_requested
1,754,1541,hosts_requested
2,1520,1697,hosts_requested
0,2610,1926,hosts_requested
1,754,1541,hosts_requested
2,1520,1697,hosts_requested
0,2610,1926,hosts_requested
1,754,1541,hosts_requested
2,1520,1697,hosts_requested
0,2610,1926,hosts_requested
1,754,1541,hosts_requested
2,1520,1697,hosts_requested
0,2610,1926,hosts_requested
1,754,1541,hosts_requested
2,1520,1697,hosts_requested
0,2610,1926,hosts_requested
1,754,1541,hosts_requested
2,1520,1697,hosts_requested
0,2610,1926,hosts_requested
1,754,1541,hosts_requested
2,1520,1697,hosts_requested
0,2610,1926,hosts_requested
1,754,1541,hosts_requested
2,1520,1697,hosts_requested
0,2610,1926,hosts_requested
1,754,1541,hosts_requested
2,1520,1697,hosts_requested
0,2610,1926,hosts_requested
1,754,1541,hosts_requested
2,1520,1697,hosts_requested
0,2610,1926,hosts_requested
1,754,1541,hosts_requested
2,1520,1697,hosts_requested
0,2610,1926,hosts_requested
1,754,1541,hosts_requested
2,1520,1697,hosts_requested
0,2610,1926,hosts_requested
1,754,1541,hosts_requested
2,1520,1697,hosts_requested
0,2610,1926,hosts_requested
1,754,1541,hosts_requested
2,1520,1697,hosts_requested
0,2610,1926,hosts_requested
1,754,1541,hosts_requested
2,1520,1697,hosts_requested
0,2610,1926,hosts_requested
1,754,1541,hosts_requested
2,1520,1697,hosts_requested
0,2610,1926,hosts_requested
1,754,1541,hosts_requested
2,1520,1697,hosts_requested
0,2610,1926,hosts_requested
1,754,1541,hosts_requested
2,1520,1697,hosts_requested
0,2610,1926,hosts_requested
1,754,1541,hosts_requested
2,1520,1697,hosts_requested
0,2610,1926,hosts_requested
1,754,1541,hosts_requested
2,1520,1697,hosts_requested
0,2610,1926,hosts_requested
1,754,1541,hosts_requested
2,1520,1697,hosts_requested
0,2610,1926,hosts_requested
1,754,1541,hosts_requested
2,1520,1697,hosts_requested
0,2610,1926,hosts_requested
1,754,1541,hosts_requested
2,1520,1697,hosts_requested
0,2610,1926,hosts_requested
1,754,1541,hosts_requested
2,1520,1697,hosts_requested
0,2610,1926,hosts_requested
1,754,1541,hosts_requested
2,1520,1697,hosts_requested
0,2610,1926,hosts_requested
1,754,1541,hosts_requested
2,1520,1697,hosts_requested
0,2610,1926,hosts_requested
1,754,1541,hosts_requested
2,1520,1697,hosts_requested
0,2610,1926,hosts_requested
1,754,1541,hosts_requested
2,1520,1697,hosts_requested
0,2610,1926,hosts_requested
1,754,1541,hosts_requested
2,1520,1697,hosts_requested
0,2610,1926,hosts_requested
1,754,1541,hosts_requested
2,1520,1697,hosts_requested
0,2610,1926,hosts_requested
1,754,1541,hosts_requested
2,1520,1697,hosts_requested
0,2610,1926,hosts_requested
1,754,1541,hosts_requested
2,1520,1697,hosts_requested
0,2610,1926,hosts_requested
1,754,1541,hosts_requested
2,1520,1697,hosts_requested
0,2610,1926,hosts_requested
1,754,1541,hosts_requested
2,1520,1697,hosts_requested
0,2610,1926,hosts_requested
1,754,1541,hosts_requested
2,1520,1697,hosts_requested
0,2610,1926,hosts_requested
1,754,1541,hosts_requested
2,1520,1697,hosts_requested
0,2610,1926,hosts_requested
1,754,1541,hosts_requested
2,1520,1697,hosts_requested
0,2610,1926,hosts_requested
1,754,1541,hosts_requested
2,1520,1697,hosts_requested
0,2610,1926,hosts_requested
1,754,1541,hosts_requested
2,1520,1697,hosts_requested
0,2610,1926,hosts_requested
1,754,1541,hosts_requested
2,1520,1697,hosts_requested
0,2610,1926,hosts_requested
1,754,1541,hosts_requested
2,1520,1697,hosts_requested
0,2610,1926,hosts_requested
1,754,1541,hosts_requested
2,1520,1697,hosts_requested
0,2610,1926,hosts_requested
1,754,1541,hosts_requested
2,1520,1697,hosts_requested
0,2610,1926,hosts_requested
1,754,1541,hosts_requested
2,1520,1697,hosts_requested
0,2610,1926,hosts_requested
1,754,1541,hosts_requested
2,1520,1697,hosts_requested
0,2610,1926,hosts_requested
1,754,1541,hosts_requested
2,1520,1697,hosts_requested
0,2610,1926,hosts_requested
1,754,1541,hosts_requested
2,1520,1697,hosts_requested
0,2610,1926,hosts_requested
1,754,1541,hosts_requested
2,1520,1697,hosts_requested
0,2610,1926,hosts_requested
1,754,1541,hosts_requested
2,1520,1697,hosts_requested
0,2610,1926,hosts_requested
1,754,1541,hosts_requested
2,1520,1697,hosts_requested
0,2610,1926,hosts_requested
1,754,1541,hosts_requested
2,1520,1697,hosts_requested
0,2610,1926,hosts_requested
1,754,1541,hosts_requested
2,1520,1697,hosts_requested
0,2610,1926,hosts_requested
1,754,1541,hosts_requested
2,1520,1697,hosts_requested
0,2610,1926,hosts_requested
1,754,1541,hosts_requested
2,1520,1697,hosts_requested
0,2610,1926,hosts_requested
1,754,1541,hosts_requested
2,1520,1697,hosts_requested
0,2610,1926,hosts_requested
1,754,1541,hosts_requested
2,1520,1697,hosts_requested
0,2610,1926,hosts_requested
1,754,1541,hosts_requested
2,1520,1697,hosts_requested
0,2610,1926,hosts_requested
1,754,1541,hosts_requested
2,1520,1697,hosts_requested
0,2610,1926,hosts_requested
1,754,1541,hosts_requested
2,1520,1697,hosts_requested
0,2610,1926,hosts_requested
1,754,1541,hosts_requested
2,1520,1697,hosts_requested
0,2610,1926,hosts_requested
1,754,1541,hosts_requested
2,1520,1697,hosts_requested
0,2610,1926,hosts_requested
1,754,1541,hosts_requested
2,1520,1697,hosts_requested
0,2610,1926,hosts_requested
1,754,1541,hosts_requested
2,1520,1697,hosts_requested
0,2610,1926,hosts_requested
1,754,1541,hosts_requested
2,1520,1697,hosts_requested
0,2610,1926,hosts_requested
1,754,1541,hosts_requested
2,1520,1697,hosts_requested
0,2610,1926,hosts_requested
1,754,1541,hosts_requested
2,1520,1697,hosts_requested
0,2610,1926,hosts_requested
1,754,1541,hosts_requested
2,1520,1697,hosts_requested
0,2610,1926,hosts_requested
1,754,1541,hosts_requested
2,1520,1697,hosts_requested
0,2610,1926,hosts_requested
1,754,1541,hosts_requested
2,1520,1697,hosts_requested
0,2610,1926,hosts_requested
1,754,1541,hosts_requested
2,1520,1697,hosts_requested
0,2610,1926,hosts_requested
1,754,1541,hosts_requested
2,1520,1697,hosts_requested
0,2610,1926,hosts_requested
1,754,1541,hosts_requested
2,1520,1697,hosts_requested
0,2610,1926,hosts_requested
1,754,1541,hosts_requested
2,1520,1697,hosts_requested
0,2610,1926,hosts_requested
1,754,1541,hosts_requested
2,1520,1697,hosts_requested
0,2610,1926,hosts_requested
1,754,1541,hosts_requested
2,1520,1697,hosts_requested
0,2610,1926,hosts_requested
1,754,1541,hosts_requested
2,1520,1697,hosts_requested
0,2610,1926,hosts_requested
1,754,1541,hosts_requested
2,1520,1697,hosts_requested
0,2610,1926,hosts_requested
1,754,1541,hosts_requested
2,1520,1697,hosts_requested
0,2610,1926,hosts_requested
1,754,1541,hosts_requested
2,1520,1697,hosts_requested
0,2610,1926,hosts_requested
1,754,1541,hosts_requested
2,1520,1697,hosts_requested
0,2610,1926,hosts_requested
1,754,1541,hosts_requested
2,1520,1697,hosts_requested
0,2610,1926,hosts_requested
1,754,1541,hosts_requested
2,1520,1697,hosts_requested
0,2610,1926,hosts_requested
1,754,1541,hosts_requested
2,1520,1697,hosts_requested
0,2610,1926,hosts_requested
1,754,1541,hosts_requested
2,1520,1697,hosts_requested
0,2610,1926,hosts_requested
1,754,1541,hosts_requested
2,1520,1697,hosts_requested
0,2610,1926,hosts_requested
1,754,1541,hosts_requested
2,1520,1697,hosts_requested
0,2610,1926,hosts_requested
1,754,1541,hosts_requested
2,1520,1697,hosts_requested
0,2610,1926,hosts_requested
1,754,1541,hosts_requested
2,1520,1697,hosts_requested
0,2610,1926,hosts_requested
1,754,1541,hosts_requested
2,1520,1697,hosts_requested
0,2610,1926,hosts_requested
1,754,1541,hosts_requested
2,1520,1697,hosts_requested
0,2610,1926,hosts_requested
1,754,1541,hosts_requested
2,1520,1697,hosts_requested
0,2610,1926,hosts_requested
1,754,1541,hosts_requested
2,1520,1697,hosts_requested
0,2610,1926,hosts_requested
1,754,1541,hosts_requested
2,1520,1697,hosts_requested
0,2610,1926,hosts_requested
1,754,1541,hosts_requested
2,1520,1697,hosts_requested
0,2610,1926,hosts_requested
1,754,1541,hosts_requested
2,1520,1697,hosts_requested
0,2610,1926,hosts_requested
1,754,1541,hosts_requested
2,1520,1697,hosts_requested
0,2610,1926,hosts_requested
1,754,1541,hosts_requested
2,1520,1697,hosts_requested
0,2610,1926,hosts_requested
1,754,1541,hosts_requested
2,1520,1697,hosts_requested
0,2610,1926,hosts_requested
1,754,1541,hosts_requested
2,1520,1697,hosts_requested
0,2610,1926,hosts_requested
1,754,1541,hosts_requested
2,1520,1697,hosts_requested
0,2610,1926,hosts_requested
1,754,1541,hosts_requested
2,1520,1697,hosts_requested
0,2610,1926,hosts_requested
1,754,1541,hosts_requested
2,1520,1697,hosts_requested
0,2610,1926,hosts_requested
1,754,1541,hosts_requested
2,1520,1697,hosts_requested
0,2610,1926,hosts_requested
1,754,1541,hosts_requested
2,1520,1697,hosts_requested
0,2610,1926,hosts_requested
1,754,1541,hosts_requested
2,1520,1697,hosts_requested
0,2610,1926,hosts_requested
1,754,1541,hosts_requested
2,1520,1697,hosts_requested
0,2610,1926,hosts_requested
1,754,1541,hosts_requested
2,1520,1697,hosts_requested
0,2610,1926,hosts_requested
1,754,1541,hosts_requested
2,1520,1697,hosts_requested
0,2610,1926,hosts_requested
1,754,1541,hosts_requested
2,1520,1697,hosts_requested
0,2610,1926,hosts_requested
1,754,1541,hosts_requested
2,1520,1697,hosts_requested
0,2610,1926,hosts_requested
1,754,1541,hosts_requested
2,1520,1697,hosts_requested
0,2610,1926,hosts_requested
1,754,1541,hosts_requested
2,1520,1697,hosts_requested
0,2610,1926,hosts_requested
1,754,1541,hosts_requested
2,1520,1697,hosts_requested
0,2610,1926,hosts_requested
1,754,1541,hosts_requested
2,1520,1697,hosts_requested
0,2610,1926,hosts_requested
1,754,1541,hosts_requested
2,1520,1697,hosts_requested
0,2610,1926,hosts_requested
1,754,1541,hosts_requested
2,1520,1697,hosts_requested
0,2610,1926,hosts_requested
1,754,1541,hosts_requested
2,1520,1697,hosts_requested
0,2610,1926,hosts_requested
1,754,1541,hosts_requested
2,1520,1697,hosts_requested
0,2610,1926,hosts_requested
1,754,1541,hosts_requested
2,1520,1697,hosts_requested
0,2610,1926,hosts_requested
1,754,1541,hosts_requested
2,1520,1697,hosts_requested
0,2610,1926,hosts_requested
1,754,1541,hosts_requested
2,1520,1697,hosts_requested
0,2610,1926,hosts_requested
1,754,1541,hosts_requested
2,1520,1697,hosts_requested
0,2610,1926,hosts_requested
1,754,1541,hosts_requested
2,1520,1697,hosts_requested
0,2610,1926,hosts_requested
1,754,1541,hosts_requested
2,1520,1697,hosts_requested
0,2610,1926,hosts_requested
1,754,1541,hosts_requested
2,1520,1697,hosts_requested
0,2610,1926,hosts_requested
1,754,1541,hosts_requested
2,1520,1697,hosts_requested
0,2610,1926,hosts_requested
1,754,1541,hosts_requested
2,1520,1697,hosts_requested
0,2610,1926,hosts_requested
1,754,1541,hosts_requested
2,1520,1697,hosts_requested
0,2610,1926,hosts_requested
1,754,1541,hosts_requested
2,1520,1697,hosts_requested
0,2610,1926,hosts_requested
1,754,1541,hosts_requested
2,1520,1697,hosts_requested
0,2610,1926,hosts_requested
1,754,1541,hosts_requested
2,1520,1697,hosts_requested
0,2610,1926,hosts_requested
1,754,1541,hosts_requested
2,1520,1697,hosts_requested
0,2610,1926,hosts_requested
1,754,1541,hosts_requested
2,1520,1697,hosts_requested
0,2610,1926,hosts_requested
1,754,1541,hosts_requested
2,1520,1697,hosts_requested
0,2610,1926,hosts_requested
1,754,1541,hosts_requested
2,1520,1697,hosts_requested
0,2610,1926,hosts_requested
1,754,1541,hosts_requested
2,1520,1697,hosts_requested
0,2610,1926,hosts_requested
1,754,1541,hosts_requested
2,1520,1697,hosts_requested
0,2610,1926,hosts_requested
1,754,1541,hosts_requested
2,1520,1697,hosts_requested
0,2610,1926,hosts_requested
1,754,1541,hosts_requested
2,1520,1697,hosts_requested
0,2610,1926,hosts_requested
1,754,1541,hosts_requested
2,1520,1697,hosts_requested
0,2610,1926,hosts_requested
1,754,1541,hosts_requested
2,1520,1697,hosts_requested
0,2610,1926,hosts_requested
1,754,1541,hosts_requested
2,1520,1697,hosts_requested
0,2610,1926,hosts_requested
1,754,1541,hosts_requested
2,1520,1697,hosts_requested
0,2610,1926,hosts_requested
1,754,1541,hosts_requested
2,1520,1697,hosts_requested
0,2610,1926,hosts_requested
1,754,1541,hosts_requested
2,1520,1697,hosts_requested
0,2610,1926,hosts_requested
1,754,1541,hosts_requested
2,1520,1697,hosts_requested
0,2610,1926,hosts_requested
1,754,1541,hosts_requested
2,1520,1697,hosts_requested
0,2610,1926,hosts_requested
1,754,1541,hosts_requested
2,1520,1697,hosts_requested
0,2610,1926,hosts_requested
1,754,1541,hosts_requested
2,1520,1697,hosts_requested
0,2610,1926,hosts_requested
1,754,1541,hosts_requested
2,1520,1697,hosts_requested
0,2610,1926,hosts_requested
1,754,1541,hosts_requested
2,1520,1697,hosts_requested
0,2610,1926,hosts_requested
1,754,1541,hosts_requested
2,1520,1697,hosts_requested
0,2610,1926,hosts_requested
1,754,1541,hosts_requested
2,1520,1697,hosts_requested
0,2610,1926,hosts_requested
1,754,1541,hosts_requested
2,1520,1697,hosts_requested
0,2610,1926,hosts_requested
1,754,1541,hosts_requested
2,1520,1697,hosts_requested
0,2610,1926,hosts_requested
1,754,1541,hosts_requested
2,1520,1697,hosts_requested
0,2610,1926,hosts_requested
1,754,1541,hosts_requested
2,1520,1697,hosts_requested
0,2610,1926,hosts_requested
1,754,1541,hosts_requested
2,1520,1697,hosts_requested
0,2610,1926,hosts_requested
1,754,1541,hosts_requested
2,1520,1697,hosts_requested
0,2610,1926,hosts_requested
1,754,1541,hosts_requested
2,1520,1697,hosts_requested
0,2610,1926,hosts_requested
1,754,1541,hosts_requested
2,1520,1697,hosts_requested
0,2610,1926,hosts_requested
1,754,1541,hosts_requested
2,1520,1697,hosts_requested
0,2610,1926,hosts_requested
1,754,1541,hosts_requested
2,1520,1697,hosts_requested
0,2610,1926,hosts_requested
1,754,1541,hosts_requested
2,1520,1697,hosts_requested
0,2610,1926,hosts_requested
1,754,1541,hosts_requested
2,1520,1697,hosts_requested
0,2610,1926,hosts_requested
1,754,1541,hosts_requested
2,1520,1697,hosts_requested
0,2610,1926,hosts_requested
1,754,1541,hosts_requested
2,1520,1697,hosts_requested
0,2610,1926,hosts_requested
1,754,1541,hosts_requested
2,1520,1697,hosts_requested
0,2610,1926,hosts_requested
1,754,1541,hosts_requested
2,1520,1697,hosts_requested
0,2610,1926,hosts_requested
1,754,1541,hosts_requested
2,1520,1697,hosts_requested
0,2610,1926,hosts_requested
1,754,1541,hosts_requested
2,1520,1697,hosts_requested
0,2610,1926,hosts_requested
1,754,1541,hosts_requested
2,1520,1697,hosts_requested
0,2610,1926,hosts_requested
1,754,1541,hosts_requested
2,1520,1697,hosts_requested
0,2610,1926,hosts_requested
1,754,1541,hosts_requested
2,1520,1697,hosts_requested
0,2610,1926,hosts_requested
1,754,1541,hosts_requested
2,1520,1697,hosts_requested
0,2610,1926,hosts_requested
1,754,1541,hosts_requested
2,1520,1697,hosts_requested
0,2610,1926,hosts_requested
1,754,1541,hosts_requested
2,1520,1697,hosts_requested
0,2610,1926,hosts_requested
1,754,1541,hosts_requested
2,1520,1697,hosts_requested
0,2610,1926,hosts_requested
1,754,1541,hosts_requested
2,1520,1697,hosts_requested
0,2610,1926,hosts_requested
1,754,1541,hosts_requested
2,1520,1697,hosts_requested
0,2610,1926,hosts_requested
1,754,1541,hosts_requested
2,1520,1697,hosts_requested
0,2610,1926,hosts_requested
1,754,1541,hosts_requested
2,1520,1697,hosts_requested
0,2610,1926,hosts_requested
1,754,1541,hosts_requested
2,1520,1697,hosts_requested
0,2610,1926,hosts_requested
1,754,1541,hosts_requested
2,1520,1697,hosts_requested
0,2610,1926,hosts_requested
1,754,1541,hosts_requested
2,1520,1697,hosts_requested
0,2610,1926,hosts_requested
1,754,1541,hosts_requested
2,1520,1697,hosts_requested
0,2610,1926,hosts_requested
1,754,1541,hosts_requested
2,1520,1697,hosts_requested
0,2610,1926,hosts_requested
1,754,1541,hosts_requested
2,1520,1697,hosts_requested
0,2610,1926,hosts_requested
1,754,1541,hosts_requested
2,1520,1697,hosts_requested
0,2610,1926,hosts_requested
1,754,1541,hosts_requested
2,1520,1697,hosts_requested
0,2610,1926,hosts_requested
1,754,1541,hosts_requested
2,1520,1697,hosts_requested
0,2610,1926,hosts_requested
1,754,1541,hosts_requested
2,1520,1697,hosts_requested
0,2610,1926,hosts_requested
1,754,1541,hosts_requested
2,1520,1697,hosts_requested
0,2610,1926,hosts_requested
1,754,1541,hosts_requested
2,1520,1697,hosts_requested
0,2610,1926,hosts_requested
1,754,1541,hosts_requested
2,1520,1697,hosts_requested
0,2610,1926,hosts_requested
1,754,1541,hosts_requested
2,1520,1697,hosts_requested
0,2610,1926,hosts_requested
1,754,1541,hosts_requested
2,1520,1697,hosts_requested
0,2610,1926,hosts_requested
1,754,1541,hosts_requested
2,1520,1697,hosts_requested
0,2610,1926,hosts_requested
1,754,1541,hosts_requested
2,1520,1697,hosts_requested
0,2610,1926,hosts_requested
1,754,1541,hosts_requested
2,1520,1697,hosts_requested
0,2610,1926,hosts_requested
1,754,1541,hosts_requested
2,1520,1697,hosts_requested
0,2610,1926,hosts_requested
1,754,1541,hosts_requested
2,1520,1697,hosts_requested
0,2610,1926,hosts_requested
1,754,1541,hosts_requested
2,1520,1697,hosts_requested
0,2610,1926,hosts_requested
1,754,1541,hosts_requested
2,1520,1697,hosts_requested
0,2610,1926,hosts_requested
1,754,1541,hosts_requested
2,1520,1697,hosts_requested
0,2610,1926,hosts_requested
1,754,1541,hosts_requested
2,1520,1697,hosts_requested
0,2610,1926,hosts_requested
1,754,1541,hosts_requested
2,1520,1697,hosts_requested
0,2610,1926,hosts_requested
1,754,1541,hosts_requested
2,1520,1697,hosts_requested
0,2610,1926,hosts_requested
1,754,1541,hosts_requested
2,1520,1697,hosts_requested
0,2610,1926,hosts_requested
1,754,1541,hosts_requested
2,1520,1697,hosts_requested
0,2610,1926,hosts_requested
1,754,1541,hosts_requested
2,1520,1697,hosts_requested
0,2610,1926,hosts_requested
1,754,1541,hosts_requested
2,1520,1697,hosts_requested
0,2610,1926,hosts_requested
1,754,1541,hosts_requested
2,1520,1697,hosts_requested
0,2610,1926,hosts_requested
1,754,1541,hosts_requested
2,1520,1697,hosts_requested
0,2610,1926,hosts_requested
1,754,1541,hosts_requested
2,1520,1697,hosts_requested
0,2610,1926,hosts_requested
1,754,1541,hosts_requested
2,1520,1697,hosts_requested
0,2610,1926,hosts_requested
1,754,1541,hosts_requested
2,1520,1697,hosts_requested
0,2610,1926,hosts_requested
1,754,1541,hosts_requested
2,1520,1697,hosts_requested
0,2610,1926,hosts_requested
1,754,1541,hosts_requested
2,1520,1697,hosts_requested
0,2610,1926,hosts_requested
1,754,1541,hosts_requested
2,1520,1697,hosts_requested
0,2610,1926,hosts_requested
1,754,1541,hosts_requested
2,1520,1697,hosts_requested
0,2610,1926,hosts_requested
1,754,1541,hosts_requested
2,1520,1697,hosts_requested
0,2610,1926,hosts_requested
1,754,1541,hosts_requested
2,1520,1697,hosts_requested
0,2610,1926,hosts_requested
1,754,1541,hosts_requested
2,1520,1697,hosts_requested
0,2610,1926,hosts_requested
1,754,1541,hosts_requested
2,1520,1697,hosts_requested
0,2610,1926,hosts_requested
1,754,1541,hosts_requested
2,1520,1697,hosts_requested
0,2610,1926,hosts_requested
1,754,1541,hosts_requested
2,1520,1697,hosts_requested
0,2610,1926,hosts_requested
1,754,1541,hosts_requested
2,1520,1697,hosts_requested
0,2610,1926,hosts_requested
1,754,1541,hosts_requested
2,1520,1697,hosts_requested
0,2610,1926,hosts_requested
1,754,1541,hosts_requested
2,1520,1697,hosts_requested
0,2610,1926,hosts_requested
1,754,1541,hosts_requested
2,1520,1697,hosts_requested
0,2610,1926,hosts_requested
1,754,1541,hosts_requested
2,1520,1697,hosts_requested
0,2610,1926,hosts_requested
1,754,1541,hosts_requested
2,1520,1697,hosts_requested
0,2610,1926,hosts_requested
1,754,1541,hosts_requested
2,1520,1697,hosts_requested
0,2610,1926,hosts_requested
1,754,1541,hosts_requested
2,1520,1697,hosts_requested
0,2610,1926,hosts_requested
1,754,1541,hosts_requested
2,1520,1697,hosts_requested
0,2610,1926,hosts_requested
1,754,1541,hosts_requested
2,1520,1697,hosts_requested
0,2610,1926,hosts_requested
1,754,1541,hosts_requested
2,1520,1697,hosts_requested
0,2610,1926,hosts_requested
1,754,1541,hosts_requested
2,1520,1697,hosts_requested
0,2610,1926,hosts_requested
1,754,1541,hosts_requested
2,1520,1697,hosts_requested
0,2610,1926,hosts_requested
1,754,1541,hosts_requested
2,1520,1697,hosts_requested
0,2610,1926,hosts_requested
1,754,1541,hosts_requested
2,1520,1697,hosts_requested
0,2610,1926,hosts_requested
1,754,1541,hosts_requested
2,1520,1697,hosts_requested
0,2610,1926,hosts_requested
1,754,1541,hosts_requested
2,1520,1697,hosts_requested
0,2610,1926,hosts_requested
1,754,1541,hosts_requested
2,1520,1697,hosts_requested
0,2610,1926,hosts_requested
1,754,1541,hosts_requested
2,1520,1697,hosts_requested
0,2610,1926,hosts_requested
1,754,1541,hosts_requested
2,1520,1697,hosts_requested
0,2610,1926,hosts_requested
1,754,1541,hosts_requested
2,1520,1697,hosts_requested
0,2610,1926,hosts_requested
1,754,1541,hosts_requested
2,1520,1697,hosts_requested
0,2610,1926,hosts_requested
1,754,1541,hosts_requested
2,1520,1697,hosts_requested
0,2610,1926,hosts_requested
1,754,1541,hosts_requested
2,1520,1697,hosts_requested
0,2610,1926,hosts_requested
1,754,1541,hosts_requested
2,1520,1697,hosts_requested
0,2610,1926,hosts_requested
1,754,1541,hosts_requested
2,1520,1697,hosts_requested
0,2610,1926,hosts_requested
1,754,1541,hosts_requested
2,1520,1697,hosts_requested
0,2610,1926,hosts_requested
1,754,1541,hosts_requested
2,1520,1697,hosts_requested
0,2610,1926,hosts_requested
1,754,1541,hosts_requested
2,1520,1697,hosts_requested
0,2610,1926,hosts_requested
1,754,1541,hosts_requested
2,1520,1697,hosts_requested
0,2610,1926,hosts_requested
1,754,1541,hosts_requested
2,1520,1697,hosts_requested
0,2610,1926,hosts_requested
1,754,1541,hosts_requested
2,1520,1697,hosts_requested
0,2610,1926,hosts_requested
1,754,1541,hosts_requested
2,1520,1697,hosts_requested
0,2610,1926,hosts_requested
1,754,1541,hosts_requested
2,1520,1697,hosts_requested
0,2610,1926,hosts_requested
1,754,1541,hosts_requested
2,1520,1697,hosts_requested
0,2610,1926,hosts_requested
1,754,1541,hosts_requested
2,1520,1697,hosts_requested
0,2610,1926,hosts_requested
1,754,1541,hosts_requested
2,1520,1697,hosts_requested
0,2610,1926,hosts_requested
1,754,1541,hosts_requested
2,1520,1697,hosts_requested
0,2610,1926,hosts_requested
1,754,1541,hosts_requested
2,1520,1697,hosts_requested
0,2610,1926,hosts_requested
1,754,1541,hosts_requested
2,1520,1697,hosts_requested
0,2610,1926,hosts_requested
1,754,1541,hosts_requested
2,1520,1697,hosts_requested
0,2610,1926,hosts_requested
1,754,1541,hosts_requested
2,1520,1697,hosts_requested
0,2610,1926,hosts_requested
1,754,1541,hosts_requested
2,1520,1697,hosts_requested
0,2610,1926,hosts_requested
1,754,1541,hosts_requested
2,1520,1697,hosts_requested
0,2610,1926,hosts_requested
1,754,1541,hosts_requested
2,1520,1697,hosts_requested
0,2610,1926,hosts_requested
1,754,1541,hosts_requested
2,1520,1697,hosts_requested
0,2610,1926,hosts_requested
1,754,1541,hosts_requested
2,1520,1697,hosts_requested
0,2610,1926,hosts_requested
1,754,1541,hosts_requested
2,1520,1697,hosts_requested
0,2610,1926,hosts_requested
1,754,1541,hosts_requested
2,1520,1697,hosts_requested
0,2610,1926,hosts_requested
1,754,1541,hosts_requested
2,1520,1697,hosts_requested
0,2610,1926,hosts_requested
1,754,1541,hosts_requested
2,1520,1697,hosts_requested
0,2610,1926,hosts_requested
1,754,1541,hosts_requested
2,1520,1697,hosts_requested
0,2610,1926,hosts_requested
1,754,1541,hosts_requested
2,1520,1697,hosts_requested
0,2610,1926,hosts_requested
1,754,1541,hosts_requested
2,1520,1697,hosts_requested
0,2610,1926,hosts_requested
1,754,1541,hosts_requested
2,1520,1697,hosts_requested
0,2610,1926,hosts_requested
1,754,1541,hosts_requested
2,1520,1697,hosts_requested
0,2610,1926,hosts_requested
1,754,1541,hosts_requested
2,1520,1697,hosts_requested
0,2610,1926,hosts_requested
1,754,1541,hosts_requested
2,1520,1697,hosts_requested
0,2610,1926,hosts_requested
1,754,1541,hosts_requested
2,1520,1697,hosts_requested
0,2610,1926,hosts_requested
1,754,1541,hosts_requested
2,1520,1697,hosts_requested
0,2610,1926,hosts_requested
1,754,1541,hosts_requested
2,1520,1697,hosts_requested
0,2610,1926,hosts_requested
1,754,1541,hosts_requested
2,1520,1697,hosts_requested
0,2610,1926,hosts_requested
1,754,1541,hosts_requested
2,1520,1697,hosts_requested
0,2610,1926,hosts_requested
1,754,1541,hosts_requested
2,1520,1697,hosts_requested
0,2610,1926,hosts_requested
1,754,1541,hosts_requested
2,1520,1697,hosts_requested
0,2610,1926,hosts_requested
1,754,1541,hosts_requested
2,1520,1697,hosts_requested
0,2610,1926,hosts_requested
1,754,1541,hosts_requested
2,1520,1697,hosts_requested
0,2610,1926,hosts_requested
1,754,1541,hosts_requested
2,1520,1697,hosts_requested
0,2610,1926,hosts_requested
1,754,1541,hosts_requested
2,1520,1697,hosts_requested
0,2610,1926,hosts_requested
1,754,1541,hosts_requested
2,1520,1697,hosts_requested
0,2610,1926,hosts_requested
1,754,1541,hosts_requested
2,1520,1697,hosts_requested
0,2610,1926,hosts_requested
1,754,1541,hosts_requested
2,1520,1697,hosts_requested
0,2610,1926,hosts_requested
1,754,1541,hosts_requested
2,1520,1697,hosts_requested
0,2610,1926,hosts_requested
1,754,1541,hosts_requested
2,1520,1697,hosts_requested
0,2610,1926,hosts_requested
1,754,1541,hosts_requested
2,1520,1697,hosts_requested
0,2610,1926,hosts_requested
1,754,1541,hosts_requested
2,1520,1697,hosts_requested
0,2610,1926,hosts_requested
1,754,1541,hosts_requested
2,1520,1697,hosts_requested
0,2610,1926,hosts_requested
1,754,1541,hosts_requested
2,1520,1697,hosts_requested
0,2610,1926,hosts_requested
1,754,1541,hosts_requested
2,1520,1697,hosts_requested
0,2610,1926,hosts_requested
1,754,1541,hosts_requested
2,1520,1697,hosts_requested
0,2610,1926,hosts_requested
1,754,1541,hosts_requested
2,1520,1697,hosts_requested
0,2610,1926,hosts_requested
1,754,1541,hosts_requested
2,1520,1697,hosts_requested
